name,age,street,city,state,zip,lng,lat
Gabriel Gonzalez,23,85550 Austin Center Suite 687,Watkinsborough,Utah,66857,-17.845832,30.4800905
Gregory Thompson,48,83058 Corey Valleys Apt. 015,New Chad,Montana,91685,-113.845188,-76.576964
David Farrell,23,2519 Lisa Turnpike Suite 550,Lake Samantha,New Hampshire,58051,88.835847,55.314844
Todd Johnson,59,1282 George Crest Suite 080,Caitlynshire,Rhode Island,06016,-13.480452,-36.3314025
Glenn Barker,32,104 Cynthia Lights,Lorifurt,Alabama,18431,-129.126692,23.546747
Shawn Bruce,21,3823 Williams Manor,East Alexandra,Colorado,45616,-98.563530,-79.161437
James Lucas,58,12237 Eaton Glens,Port Karen,Delaware,91584,12.862472,-38.3237955
Shelly Gray,57,6778 Jill Common,West Derek,South Dakota,68615,-139.925134,-23.4184965
Adam Fisher,34,08172 Evelyn Ramp,Lake Tammymouth,Massachusetts,29981,-131.639197,10.3608515
William Lopez,29,2719 Harris Parks Apt. 687,South Alexanderbury,Vermont,07512,130.030022,5.905317
Jon Cunningham,27,07583 Dorsey Spring Apt. 337,West Margaretshire,South Dakota,05817,-141.843017,-60.995427
Jocelyn Bowen,22,40125 Shane Rest Suite 684,Lake Abigailhaven,Alabama,65140,-82.379594,89.8440515
Karen Park,50,22500 Haas Row Suite 242,New Teresaville,Colorado,34287,-97.148388,-1.3217555
Justin Vargas,30,7322 Kevin Turnpike,Lake Edwin,Nevada,85324,-158.929009,-18.875398
Amy Barnes,76,896 Jeffrey Circles Apt. 955,Lake Bryanshire,South Dakota,12233,-150.773384,-1.285792
Corey Whitehead,59,7434 Nicholson Springs,Howardshire,Iowa,54849,-74.072100,41.126410
Kimberly Jordan,62,222 Smith Curve Suite 828,East Jasminefort,Pennsylvania,58222,159.971170,6.9432135
William Proctor,43,46176 Nicholas Meadows,Markshire,Arizona,55957,58.606431,57.671164
Dillon Liu,60,14528 Angela Mills Suite 085,Karentown,Wyoming,56929,-164.819465,81.2870085
James Jackson,64,4546 Katherine Mountains Apt. 441,Bennettfort,Maryland,54189,47.679005,56.491625
Theresa Taylor,55,1720 Leslie Mews,Sharonburgh,North Dakota,62639,169.655236,43.199164
Brenda Barnes,44,40529 Nichols Mountain Suite 640,Browningborough,Alabama,56598,5.779518,-35.9862375
Miss Deborah Roman,68,577 Roberts Ramp Apt. 234,Manuelfurt,New Hampshire,17430,9.719884,18.862248
Andrea Clark,24,8422 Berger Courts,Lake Jason,Texas,29532,-48.385322,-81.6786545
Angela Stevens,66,5606 Wendy Shoals Apt. 933,West Michaelburgh,Kansas,72376,-125.476292,51.2900055
Michael Shepard,78,8845 Yvonne Overpass,Torrestown,Virginia,79175,30.420453,-5.8894645
Tyler Moyer,19,6141 Eric Ports Suite 300,Port Chad,Ohio,96281,-40.015578,65.9256365
Russell Wallace,35,98562 Samuel Freeway Suite 494,Sethmouth,Arizona,62127,73.823093,-72.806823
Catherine Sullivan,35,247 Peterson Garden,East Cheryl,Nevada,28399,27.578264,30.9235195
Derek Harris,33,19300 Hayes Unions,New Antoniohaven,Washington,96910,-32.285295,70.649903
Charles Austin,72,9523 Williams Road,Solomonfurt,Texas,31403,-124.979836,86.3755865
Jack Lambert,19,1824 Johnson Valleys,Vazquezfurt,Montana,80806,-178.277776,-51.652770
Jennifer Hoffman,28,41652 Abigail Tunnel Suite 683,Port Matthew,Vermont,07235,174.453727,-68.8663225
Debra Lewis,53,527 Colleen Valleys Apt. 792,West Becky,Colorado,07231,64.096814,9.960197
Elizabeth Berry,55,6675 Combs Square,Carolynstad,Virginia,14195,-158.393985,1.529542
Donna Page,48,81526 Rojas Spurs Apt. 654,Port Brooke,North Dakota,45524,-132.748807,-78.3133705
Eric Spence,52,527 Rebecca Burgs Apt. 715,Brianview,Arkansas,58151,8.436277,-23.5133205
Brandon Garcia,18,22319 Kaitlin Ramp Apt. 984,New Donald,Wisconsin,56856,96.062587,88.7492635
Daniel Smith,62,0630 Calvin Tunnel Suite 096,New Aaron,Delaware,20384,158.312383,-71.087079
Erin Lester,53,10281 Kelly Oval,New Marvin,Idaho,95929,-73.229724,3.050883
Jerry Simpson,62,456 Frederick Rest,Alexandraview,Massachusetts,01430,57.000865,-53.5218455
Andrew Combs,34,85720 Jennifer Land,Annafurt,Ohio,08937,-126.695619,-48.1736765
Tonya Green,42,04373 Michael Canyon,West Linda,Louisiana,39626,69.222583,53.919160
Deanna King,52,4955 Elizabeth Hills Apt. 880,Dunnport,New Mexico,01070,-100.883183,-62.565102
Jeremiah Williams,41,59201 Jennifer Track,Raychester,Wisconsin,73740,16.453243,-11.319352
Jaclyn Ellis,41,5989 Madison Forge,Maldonadostad,Utah,77728,155.218505,-22.6620395
Tiffany Oliver,68,551 Norman Tunnel,Gibbstown,Nebraska,42864,-30.184097,-7.1759725
Jordan Lawson,79,46839 Albert Radial,North Aliciaville,Nebraska,81398,-74.605978,-57.0355365
Mark Johnson,54,7222 Gabriel Corner Suite 652,Andersonchester,Massachusetts,18476,-70.872250,79.145356
Brittany Bailey,77,2262 Diana Harbor Apt. 765,North Stacey,Tennessee,94483,94.942318,-28.6869485
Michael Mccoy MD,44,02682 Vazquez Trail Suite 278,Jonathanmouth,Indiana,35718,-178.324653,79.7561325
Lisa Quinn,74,78039 Bryant Points Suite 667,Michaelmouth,Nebraska,11344,117.721735,84.266604
Lori Gonzalez,76,334 Jerry Radial,Rodriguezbury,Maryland,77620,-171.191674,-73.597993
Andrew Guzman,70,524 Chapman Hill,Port Joseph,North Dakota,37558,52.450836,-65.3809235
April Long,75,9921 Warren Spurs Apt. 350,Bassmouth,Minnesota,26154,-149.085483,-74.324051
Joseph Williams,71,4055 Flores Prairie,New Jesseberg,Mississippi,81153,102.203833,-20.428956
Robert Mendoza,66,83789 Kramer Village,South Brianna,Rhode Island,96101,-125.775363,4.5566015
Jonathan Smith,79,24252 Timothy Summit,Amandaberg,Wisconsin,10953,111.638350,71.0742085
Christine Boyer,52,039 Keith Roads,New Arthur,Missouri,36854,48.800317,-16.225242
William Anderson,48,7478 Thompson Glen Apt. 255,South Christy,South Dakota,95900,111.430600,-21.9757975
Jessica Garrison,57,1634 Gregory Village Suite 443,Salazarport,Texas,53019,29.686994,21.5351115
Bethany Richards,61,26001 Ramsey Tunnel Apt. 684,North Elizabeth,Washington,53312,-19.689374,-48.7570065
Brent Dominguez,52,795 Scott Rest Suite 928,New Amy,Montana,33618,-161.112113,10.3296715
Kevin Donovan,75,684 Joseph Extension,East John,Wisconsin,07042,39.313347,83.5349875
Brittany Herrera,51,911 Philip Green,South Sarah,Ohio,94644,66.314422,80.130767
Cynthia Welch,77,626 Jacob Drive Suite 676,Wellsport,Vermont,48042,-138.665003,-53.212880
Susan Jones,35,525 Michael Wells,South Alison,Wyoming,90972,57.513854,46.6004785
Melanie Kelly,74,7892 Regina Point Suite 570,North Ericafort,Virginia,71544,-86.370487,-2.980577
Lauren Young,77,12356 Michele Island,Ayersbury,North Dakota,94267,65.958492,42.3907985
Terry Moore,46,6764 Snow Alley,South Stephanieland,Michigan,63551,110.860956,-85.6385875
Amanda Mckenzie,49,3451 Alicia Garden,Juliamouth,Oregon,58463,134.551967,3.673878
Kathleen Mendez,44,19377 Murray Parkways Apt. 514,Levyfort,Alaska,94651,79.661082,-17.898400
Paul Love,67,99043 Guzman Trail,Beckerberg,Vermont,47429,59.855862,51.095517
Jennifer Molina,21,5867 Thomas Corners,Hallshire,Rhode Island,19762,-150.882357,60.4287665
Joseph Lopez,68,1171 Miller Rest Suite 900,Lutzfort,South Dakota,92570,172.561879,12.727682
Jeffrey Montgomery,68,6826 Garcia Centers Suite 319,South Ronaldstad,Delaware,78950,-18.215301,52.8104165
Sarah Lynch,30,9630 Wesley Island Apt. 103,Mooretown,Maryland,17543,-171.739136,-2.4290935
Kathy Hopkins,20,037 Steven Harbors Apt. 016,Allisonhaven,Florida,33572,-2.065914,-13.750097
Heidi Gonzalez,35,5984 Robert Motorway,New Sherryborough,Missouri,62502,-53.313008,-29.3213445
Raven Smith,27,975 Sheena Knolls,Adkinsfurt,Arizona,54727,-7.283841,72.7802015
Danny Douglas,78,295 Mcpherson Loop,South Aliciaville,New York,01333,162.477784,77.0982995
Eduardo Harris,26,9004 Ariana Lights,South Johnhaven,South Dakota,15231,-98.143051,8.035852
Lori Hamilton,71,3003 Bennett Grove Suite 119,Christineton,California,82434,-34.821690,-63.4455895
Rachael Olson,55,821 Tina Plaza Suite 724,Dorothyhaven,Nebraska,30245,-60.562578,-26.952168
Paula Novak,32,5403 Bolton Lake,Penaview,New York,26053,-105.382142,18.319368
Brianna Thompson,80,32069 Ward Cove,Lake Jonathanport,West Virginia,17449,68.315164,-80.2128195
April Townsend,55,0945 Justin Vista,Peterfort,Delaware,97599,41.303034,-75.2650175
Christopher Bird,45,91990 Simmons Trafficway,North Sabrinafort,New York,19578,-168.139615,-65.6582085
Megan Garcia,28,3155 Kayla Street,Lake Crystalfurt,Mississippi,25008,172.406792,6.0708775
Teresa Stone,18,355 Mccormick Groves Apt. 599,Jerrymouth,Kansas,62367,-12.398577,33.482354
Jodi Hughes,60,870 Deborah Mill,Monicafort,Vermont,07758,-114.024398,-11.668195
Janet Taylor PhD,55,04057 Rodriguez Knoll Apt. 981,Chapmanberg,Alaska,08147,-150.858291,59.189090
Elizabeth Howard,68,038 Beck Mission Apt. 307,Scottfurt,California,06624,94.911208,77.2272245
Ronald Campbell,70,9211 Jensen Crossroad Apt. 421,West Peter,Maryland,71354,165.445555,25.8689735
Victoria Archer,27,98745 Hicks Green Suite 843,South Kristentown,Wyoming,86106,54.475301,-45.8581535
Kimberly Warner,48,3796 Cheryl Ville Apt. 856,Millerhaven,Alabama,61770,-65.855577,31.1959975
Gregory Francis,38,64291 Romero Groves Suite 045,New Hunterfort,New Jersey,62344,-18.162072,55.8415085
Adam Walters,72,11936 Christine Neck Suite 446,Lake Rebecca,New Jersey,58541,-64.305762,-40.1462555
Cassandra Wood,68,5933 Tammy Islands,Keyburgh,South Dakota,40723,77.201113,-17.843817
Terry Jones,31,089 Dillon Fields,West Meganshire,Minnesota,37108,114.522655,65.033015
Gary Mann,59,5327 Matthew Mills,Austinstad,West Virginia,63742,-30.496976,-22.1076785
Thomas Torres,22,13557 Rivers Landing Suite 733,Pamelabury,Illinois,02286,74.578743,-27.7857575
Ricardo Neal,71,5662 Hooper Place Apt. 129,Toddland,South Dakota,40681,73.567025,37.8181745
Paul Olsen,33,660 King Corner Suite 281,Port Tina,Arizona,73518,-115.739082,-31.4920175
Sally Reynolds,75,7782 Schneider Track,Lake Anthonybury,New Jersey,53281,112.307675,-1.9137185
Richard Miller,21,9558 Christopher Trail,South John,Texas,99378,171.961103,18.853665
Kathleen Munoz,40,3954 Abigail Rest,West Keithchester,Colorado,34649,-148.299061,-80.8651325
Ryan Whitney,73,8062 Malik Mission Suite 435,North John,North Dakota,70083,-111.343602,-42.8262385
Jason Butler,78,827 Shah Ridge,Virginiaton,Washington,38847,-143.441323,63.4676525
Daniel Pope,43,25643 Johnson Circle Apt. 233,Lake Bradleybury,Indiana,77146,39.763493,46.9598215
Lisa Pope,40,41949 Arnold Squares,Lake Kristinfurt,Missouri,67522,-149.581956,-53.3710065
Kimberly Mason,69,2114 Robert Harbor,Port Allison,Pennsylvania,42448,-36.356676,60.0039635
Rhonda Lucas,54,8824 Rose Shoal Apt. 485,East Michael,Michigan,92116,-39.907288,28.2022825
Russell Bennett,65,127 Robert Walks Suite 223,Samanthafurt,Indiana,39569,-79.027003,88.2621955
Jessica Shaw,66,97860 Mcdonald Locks Apt. 448,West Claudia,Vermont,31701,149.398170,-88.8636975
Timothy Evans,31,8730 Beck Divide,South James,Colorado,31119,2.968012,2.309756
Kevin Lewis,38,1390 Jennifer Manors Apt. 129,East Andrew,South Dakota,66094,-131.780298,28.869737
Julia Burnett,48,58694 Alexander Underpass Apt. 451,Lake Tiffany,New Mexico,11384,-64.108848,79.300867
Teresa Quinn,73,797 Johnston Turnpike,Cummingshaven,New Jersey,71019,-176.489122,-38.997420
Jeffrey Lee,44,055 Patricia Ford,Millerstad,North Dakota,21557,-110.292916,-76.082469
Theresa Silva,71,230 Allen Cove,South Alexandertown,Oregon,52240,15.911255,12.1589995
Andrea Vargas,42,534 Christopher Shoals Apt. 351,Gallegosbury,North Carolina,10017,-95.954517,-36.626741
Robert Barnes,58,09058 Morgan Avenue Apt. 014,North Levi,Texas,38207,-113.175198,66.4397605
Joshua Briggs,77,06009 Allison Garden Suite 055,New Markmouth,Illinois,48387,133.112127,-87.438425
Lance Moran,59,21967 Tonya Road,West Dominique,Florida,37516,35.646577,-66.7961965
Dr. Timothy White,51,9265 Charles Circle Suite 540,North Pamela,Maine,15764,-112.951101,77.482838
Melissa Harris,29,79627 Morris Track,East Bridget,New Jersey,93391,-25.515029,14.2181905
Patrick Flores DDS,25,124 Williams Locks Suite 315,East Derek,New Mexico,46456,96.570086,-14.2926445
Nathaniel Adams,67,16675 Jonathan Cove Suite 429,Lake Nicole,Montana,70378,54.044883,66.081981
Jason Jenkins,23,950 Martinez Forks,Patelhaven,Mississippi,38908,-17.099292,-36.3938315
Justin Butler,39,7176 Petersen Port Apt. 309,Juliefurt,West Virginia,04162,-103.263610,82.5902235
Sara Mahoney,32,0711 Nicole Isle Suite 272,West Alexandrafort,Georgia,36916,16.675923,-58.615179
Carrie Wiley,25,7383 William Knolls,New Reginaborough,Illinois,09776,124.428698,18.5511895
Michael Anderson,74,182 Brennan Knolls Suite 551,East Angelaton,New Hampshire,20101,111.577347,1.154411
Arthur Lopez,32,42703 Jimmy Trafficway Apt. 338,West Marcuschester,Connecticut,91454,139.829426,3.6395635
Melanie Wright,46,11276 Andrade Point Apt. 104,New Andrew,Delaware,29657,-148.307777,-74.664095
Joshua Archer,29,64290 Patricia Causeway Suite 514,Maureenland,Utah,51360,159.172864,-60.2547125
Michelle Parker,27,40816 Linda Valley Suite 120,East Chrisfurt,Utah,86738,-27.814311,46.6725815
Tyler Conrad,25,33051 Lauren Way,Greenside,Nevada,53910,77.187761,22.190775
Linda Owens,44,89339 Douglas Street Apt. 898,Lake Anthonyland,Arkansas,79105,99.370269,-27.959116
Kayla Baxter,25,06112 Crystal Lakes Suite 431,Rogerville,North Dakota,78548,48.232889,-0.676620
Kenneth Morrow,22,317 Adkins Glens Suite 326,Port Matthewport,Alaska,77627,115.896309,-60.789421
Martin Navarro,69,656 William Wall Apt. 731,New Amandamouth,New York,71358,31.334782,20.0637935
Rebecca Byrd,36,29029 Schroeder Freeway,Christopherton,Kansas,55008,-27.654341,-10.1330415
Samantha Quinn,68,61685 Skinner Orchard,West Dan,Florida,72023,81.248884,-82.8405685
Deborah Robinson,28,0665 Travis Rue,Nicoleberg,Alaska,21674,165.314845,9.287480
Shane Allen,40,3673 Beard Gateway Suite 708,Johnsonbury,Wyoming,41658,-18.438098,-23.5398725
Michael Carter,37,385 Simmons Grove Apt. 748,Johnport,Georgia,41328,178.906912,-88.327618
Edward Ellis,19,3168 Jeffrey Circle Apt. 849,North Sandramouth,Delaware,75833,165.143820,-36.213157
Gail Arroyo,32,93897 Jennifer Manor,Alexandraview,Utah,29358,42.321974,68.637373
Anita Hess,31,406 Ramirez Plain Suite 696,West William,West Virginia,52509,119.414316,26.9986285
Gregory Gray,55,439 Smith Route,Lake Jasontown,Mississippi,93948,171.051695,85.1809135
Monica Brown,49,95676 Aaron Estates,West Tylerton,Utah,71971,-132.224332,-82.9757585
Brandi Ramirez,77,015 Ramirez Orchard,Johnsonchester,Wyoming,69258,-165.518546,55.3160655
Keith Jones,75,695 Rich Fields Apt. 134,Corymouth,Wyoming,79867,-177.656874,57.6715565
Daniel Young,74,307 Robert Island,Ashleyfurt,New Hampshire,25127,152.373215,-59.2152215
Pamela Ward,72,0480 Knight Club,Cindyfurt,Kentucky,43718,-72.311392,53.3894065
Linda Haynes,20,782 James Mountains Apt. 059,Martinezport,Colorado,00746,-73.184520,53.175151
Selena Ayers,42,00560 Morgan Key,East Danielberg,Alaska,38198,-25.118852,69.734156
Nathaniel Mcclain,80,5442 Perry Mills Apt. 812,West Aprilview,South Carolina,54109,42.727973,83.264578
Samuel Miller,60,5203 Nicholas Plains,Port Gary,Oregon,05575,-121.544278,24.970047
Benjamin Weber,38,822 Christopher Rapids Apt. 978,East Phillipchester,Nevada,68856,89.411812,78.474810
Jonathan Ferguson,72,6618 Martin Isle Apt. 448,Mitchellport,Maryland,08613,112.285753,86.5258545
Kyle Brandt,22,039 Susan Crescent,East Gerald,Michigan,61814,171.797659,75.382971
Joshua Peterson,73,76522 Beth Hollow,Jacobton,Virginia,08358,71.840588,80.5821655
David Solis,67,71886 Swanson Route Suite 274,Port Rebeccaton,Missouri,91923,-58.344749,-44.7367845
Heather Bell,79,815 Mitchell Pines Suite 610,Baileychester,California,97733,129.988273,45.372001
Olivia Wright,27,95011 Taylor Islands Apt. 519,Lake Dominique,North Carolina,80405,39.909196,-73.7400765
Sierra Frazier,36,22390 Kevin Trace Suite 292,East Annabury,Michigan,11555,79.049147,40.691154
Lauren Jones,70,0973 Roy Mountain Apt. 517,Loriville,Michigan,35282,-160.959582,46.857493
Ashley Washington,37,9284 Hicks Grove Apt. 363,Whiteport,West Virginia,27409,19.877852,-43.547822
Diamond Sanders,44,39910 Young Lane,Skinnerville,Delaware,61371,-148.915428,-29.717007
Amy Orozco,34,8278 Smith Island Apt. 485,West Williamside,Mississippi,22529,82.473321,-43.1663545
Judy Mills,67,4990 James Dam Apt. 185,Simmonsshire,Vermont,28433,-177.330964,34.4460075
Duane Diaz Jr.,21,8814 Nicole Knoll Suite 363,Port Stephanie,Indiana,59705,-17.574773,54.594186
Emily Fritz,35,403 Gallagher Avenue,New Karenside,Arizona,63905,-74.129549,81.462638
Angela Jackson,64,4081 Simpson Orchard Apt. 118,Jenniferburgh,Nebraska,10557,-51.610379,-80.310198
Diane Atkins,66,2731 Perez Turnpike,Ricardostad,Utah,50803,27.211473,-80.6092225
Jennifer Harrison,41,88874 Crystal Walks Suite 687,Port Robertchester,Alaska,26652,115.380697,-53.136628
Kristi Walker,29,800 Chad Wells,East Josephville,Alabama,35942,-56.017824,-16.922465
Paula Wallace,70,7928 Cox Island,North Melissa,Alaska,93875,-169.761085,74.1503995
Nathan Reid,71,84846 Frey Green,West Allison,Minnesota,66830,133.451162,51.0353325
Ryan Figueroa,29,698 Javier Mount Apt. 782,South Richardchester,New Jersey,84957,-72.249550,24.152003
Jacob Adams,80,944 Mathis Views,South Derek,Washington,62229,12.968235,-37.841843
Kelly Lewis,59,900 Jennifer Burgs Apt. 794,Hallbury,New Mexico,27085,-160.610527,-3.102825
Lindsey Stewart,26,82404 Townsend Motorway Apt. 308,Aaronstad,Nebraska,21959,-35.922738,45.528760
Jimmy Castro,66,459 Schmidt Burg Suite 245,North Davidport,Iowa,64072,-22.407381,-22.952999
Roger Stewart,54,811 Kendra Ways Suite 117,Marcmouth,Virginia,81331,-39.510427,-20.778975
Brenda Torres MD,66,4045 Richard Overpass,New Nicholas,New Hampshire,32916,-48.872063,-66.347118
Lauren Miller,64,14326 Cameron Station,Steventown,Indiana,39494,-31.054186,-0.5403925
Natalie Poole,35,51156 Sutton Turnpike,Davidbury,Indiana,94681,-71.864055,-36.7826975
William Smith,53,731 Wilson Well Suite 850,Mikeburgh,North Dakota,69572,-19.764451,-58.1929415
Mark May,62,106 Hatfield Inlet,Heathershire,Alabama,25644,172.573191,38.0578315
Stephanie Montes,49,7728 Prince Rue,South Lukebury,Virginia,53396,-42.797707,-14.1916315
Cody Rodriguez,77,303 Patrick Brooks Suite 057,East Ericmouth,Iowa,62664,129.536285,-1.847621
Steven Arnold,62,31418 David Roads,Bushland,Texas,62022,-170.466023,26.0536065
Anna Gonzalez,30,02637 Joyce Glens Suite 180,Lake Jamesstad,Arkansas,59836,131.630330,-17.7008705
Theresa Ramirez,19,040 Lisa Rue,Jarvisburgh,California,58246,-123.151177,-85.030078
Terri Pacheco,72,98086 Rita Crest Suite 744,Port Patrick,Massachusetts,26050,-68.632532,-32.9188215
Kyle Jones,76,92710 James Squares,Joshuaview,Arkansas,35749,73.251011,23.2573195
Nicholas Sullivan,70,0236 Jennifer Points Suite 123,West Tiffanyburgh,Oklahoma,09862,-26.471057,-1.541017
Connie Porter,31,4946 Sheila Port,Ellisberg,Nevada,91895,-61.921684,-34.9160235
William Garza,30,55802 Lee Glens Apt. 819,Port Jorge,Texas,46097,-154.119871,15.624271
Deborah Logan,21,64565 Guzman Port,Harrisport,North Carolina,09723,139.829132,-77.8683545
Lori Oneal,25,5835 Thompson Trail Suite 072,North Ryan,New Mexico,09657,-120.955574,46.8128555
Vincent Graham,42,7030 Wheeler Brooks,Stephenmouth,Michigan,70160,112.970079,-15.063390
John Perez,38,2579 Mary Station Apt. 998,Alisonberg,West Virginia,83166,-153.794298,-76.1662435
Anthony Williams,56,9068 Jennifer Lock,Dustinberg,North Carolina,60237,160.462050,-65.2734135
Derek Rogers,62,786 Dickerson Ville,North Elizabethstad,Pennsylvania,96062,76.853839,-1.9675205
Jeanne Montoya,19,783 Richmond Mews Suite 442,Port Mary,Kentucky,68790,175.057295,55.217942
Jeffery Glass,22,7902 John Courts Suite 999,Camerontown,Maryland,93312,18.068355,47.269108
Adam Phillips,37,480 Shaffer Views,Port Derekborough,Texas,56210,59.788298,28.9633795
Tyler Bailey,39,707 Michael Gateway Apt. 291,Lake Stephen,West Virginia,49995,174.562770,20.997266
Kimberly Johnson,19,667 Holly Circles,New Rhondaberg,Montana,89595,103.602049,85.5560055
Joshua Dean,68,373 Parrish Place Apt. 443,Michaelfurt,Arkansas,69014,93.045821,-82.1591235
Dennis Gonzales,71,56756 Thomas Falls Apt. 726,New Cassandraview,South Carolina,47990,32.785870,31.800638
Brandon Morrison,75,168 Torres Rue Suite 339,Davidmouth,Louisiana,98538,68.232251,-71.184895
Ricky Johnson,38,445 Gregory Mews Apt. 082,North Thomas,Hawaii,70864,-80.532643,86.8925155
Marie Webster,65,126 Ariana Pine Apt. 438,Evansbury,Vermont,24829,115.021664,-12.7750985
Maurice Calhoun,38,42473 Scott Field,Walkerstad,Mississippi,28473,-22.591243,-46.584137
Gina Tate,78,11841 Justin Track Apt. 888,New Jessica,Colorado,43742,43.493007,3.998546
Veronica Barker,57,59860 Joshua Pike,West Kathryn,Vermont,64239,-13.381875,-21.639768
Heather Madden,61,89844 Huff Rapid,North Edward,Hawaii,09859,88.872741,40.041620
Mariah Graham,18,4467 Holmes Mountains,West Colinfurt,South Dakota,65975,107.003362,85.883214
Brandon Gonzales,67,2389 Travis Mountains,New Scotthaven,Illinois,74569,113.652750,-43.862659
Glenn Cunningham,30,626 Emily Shoal,Lopezburgh,New Hampshire,03400,-135.795273,2.505321
Robert Reed,55,12575 Taylor Gardens Suite 254,Rodriguezport,Nevada,04546,107.519723,4.774450
Vincent Brown,44,9466 Arthur Expressway Suite 366,Russellville,Arkansas,67587,66.895485,-18.1470125
Brandy Mcdaniel,60,24360 Karl Island,New Rosschester,Alabama,69431,55.032897,-64.508485
Michael Tran,77,753 Moreno Garden Apt. 911,Benjaminshire,Ohio,45916,-163.925533,35.002527
Adam Randolph,21,961 Miranda Vista Apt. 873,Cherylport,Hawaii,34601,112.969957,-45.5115185
Edward Elliott,39,1616 Yang Landing Apt. 143,New Annastad,North Dakota,01384,30.501521,-43.5202775
Randy Wolf,49,177 Bailey Forge,Brownport,Pennsylvania,04105,-101.133161,-0.937698
Chad Burnett,41,963 Michael Plaza,South Stephen,Kentucky,19279,-175.818387,50.827070
Heather Chapman,36,9957 Vicki Union Suite 067,Karenstad,Georgia,21413,166.203645,41.206215
Brandon Clark,72,9148 Robert Gardens Apt. 908,Kelseystad,California,02269,23.536244,82.4158195
Colleen Smith,72,6653 Alvarez Wells Apt. 387,North Brianburgh,Alaska,72250,-147.028689,81.134509
Christina Robertson,51,1999 Torres Squares,New Lisa,Alaska,07148,96.094035,37.4406235
Scott Maxwell,65,2489 Sparks Roads Apt. 597,Morganshire,New York,75079,12.332828,46.4779635
Jessica Marks,54,75266 Miller Dale,Fergusonton,Ohio,61395,132.569270,37.8641195
Courtney Hunt,70,61435 Edwin Ports Suite 135,Melindaborough,Michigan,82888,-162.995315,-61.9989765
Nathan Williams,41,06096 Vincent Junction,West Josephberg,New Jersey,20819,-152.220246,57.3683105
Scott Gordon,59,6457 Stephanie Forks,Amandaland,Hawaii,22936,5.851509,58.100932
Justin Mathews,23,7523 David Villages,Port Elizabeth,Arizona,48832,14.592279,-62.8723635
Audrey Hawkins,53,843 Tiffany Parkway,New Lauramouth,Alabama,23450,144.578060,42.1090085
Courtney Anderson,50,46804 Timothy Ridges Suite 094,West Sabrinatown,Oregon,82798,-92.485470,-19.595403
Laura Vega,42,74354 Martin Spurs Apt. 508,Gabrielfort,New Mexico,27886,-170.344894,-14.4580585
Frank Shelton,18,753 Cox Trail,West Duane,Ohio,56591,76.133852,-87.580373
Dawn Wolfe,45,6334 Berry Stream,Lake Melissa,New Hampshire,08734,-73.791284,24.376614
Devin Hicks,43,319 Ethan Ridge Apt. 333,Middletontown,New York,60765,-1.828385,-76.783492
Tristan Ayers,30,93071 Davidson View Suite 043,Isaiahview,Washington,04217,-113.960252,37.3939295
Michelle Butler,68,69763 Coffey Mission,New Melissafurt,Minnesota,61087,-24.907211,-5.1381785
Stephanie Morse,48,0156 Giles Forge Suite 356,Port Benjaminfurt,Colorado,71303,115.180303,16.086050
Christopher Thompson,36,5232 Bonnie Square Apt. 293,Lopezland,Arkansas,09047,-165.698913,-60.825219
Amy Valentine,75,761 Roberts Springs,Kingburgh,Mississippi,72104,41.089497,1.304537
Richard Boone,49,3752 Williams Mission,Hunterville,New Jersey,92702,76.370644,35.4744895
Isaiah Campbell,66,10388 Caroline Coves,Lake Ryan,Idaho,97160,156.725925,-79.8491995
Elizabeth Rose MD,69,62682 Brandon Loop,Youngmouth,Virginia,18668,155.664684,-41.582450
Carl Blair,21,5558 Martin Rapid Suite 230,Lake Sarabury,Oklahoma,88811,-159.705716,78.9140375
Nathan Salinas,48,1790 Ramos Springs Apt. 981,Comptonland,Arizona,93399,-34.605380,-51.5549255
Karen Walker,39,1717 William Burgs Suite 920,East Brianberg,Florida,91951,128.954312,-82.6433655
Timothy Miller,61,63847 Duke Stream,Port Gabriel,Virginia,69413,116.689822,-47.628134
Justin Morrow,66,5211 Hannah Prairie,Romeroshire,Nebraska,48962,147.066953,41.3331915
Diana Buckley,48,75034 Brett Trafficway Apt. 749,North Rachelstad,South Dakota,81327,-168.312944,-86.052935
Todd Shaffer,58,2268 Cole Burg,Philipbury,Michigan,14885,-124.385050,44.714559
Drew Bowman,53,363 Colton Flat Suite 568,Chelseaside,Massachusetts,34057,95.074481,40.2973385
Timothy Meyer,69,93117 Pamela Lakes,Jacobtown,New Mexico,76001,179.117016,55.847307
David Hall,53,54870 Webb Forges Apt. 080,Port Juliatown,Virginia,41591,-56.764747,69.589063
William Neal,40,632 Esparza Underpass,Jacobside,Ohio,23727,-166.249258,-2.291317
Michael Rose,45,009 Sarah Isle Suite 795,East Bettyberg,Oklahoma,31091,168.170450,-77.5739435
Joshua Turner,41,7408 Anthony Shores,Port George,Wyoming,97754,-48.129872,15.2736515
Kevin Pacheco,21,254 Jeremy Junctions Suite 654,Lynchtown,Pennsylvania,13561,-171.488429,-74.873185
Austin Barrett,51,483 Pennington Village,Meltonmouth,Georgia,56631,-40.641175,-2.911450
Deanna Garcia,40,3258 Samantha Loop,Cristianview,New Jersey,57846,-160.409302,-25.884876
Vanessa Obrien,58,232 Amanda Fords Apt. 829,East David,Idaho,40423,-134.899998,-56.2873825
Francisco Mitchell,65,032 Mills Avenue,Edwardsfurt,North Dakota,75581,-60.311942,74.5501855
Trevor Farrell,39,787 Michael Manors,Lake Daniel,Wyoming,90434,45.741816,76.5951125
Sandy Rose,38,3267 David Mill,Patriciaborough,Nebraska,65223,123.933903,62.636469
Thomas White,67,75736 Yang Key Apt. 439,West Laurenshire,Tennessee,52487,95.855361,10.7850205
Joshua Johnson,76,23843 Amy Points Suite 185,West Anthony,Nebraska,37077,-83.378674,-53.716007
Stephanie Gonzalez MD,72,90056 Jennifer Trail,Mollyview,Maryland,97165,-53.854654,-33.9354155
Brittney Frost,64,957 Oneill Trail Apt. 230,Richardchester,South Carolina,83768,84.712128,66.952321
Nicholas Henson,80,8198 Brown Viaduct,West Katie,Alabama,02139,-147.132079,11.230972
Alexis Rogers,79,4838 Davis Vista,Melissahaven,Maine,49541,-154.501268,45.0917975
Donna Sanders,50,07207 Wright Well Apt. 192,North Steven,Indiana,84590,-131.051904,-40.177771
Craig Wright,56,398 Heather Ramp Apt. 985,Bowmantown,Arizona,33072,92.831592,-26.852970
Jack Sanchez,43,50852 Nicholas Vista,Pearsontown,New York,85729,84.843917,-80.9423505
Eric Lewis,79,828 Charles Row,West Jacobside,Alabama,55657,109.542223,45.527311
Colin Brown,59,127 Reed Road,South Jackie,West Virginia,40933,169.185382,-52.518167
Lori Freeman,59,5957 Peters Plains Apt. 376,Gibsonfurt,South Dakota,15452,-28.729155,-43.705213
Lori Shaw,28,977 Steven Crest,Melvinberg,Kansas,74166,132.556966,-41.843673
Brian Ward,22,31087 Williams Run,Lake Victoriafort,Utah,58431,17.828246,-29.697194
April Mcdaniel,35,71637 Richard Shores,South Sue,Maryland,70301,-157.628966,81.7477755
Lori Burton,67,474 Erin Forge,Lake Kathryn,North Dakota,34567,-152.154619,59.6132635
Kelly Anderson,68,8453 Diane Wall,Port Angela,Utah,19372,-77.087429,-27.481004
George Barr,67,76630 Heather Divide Suite 265,East Charlesborough,Iowa,13677,13.223337,82.310085
Peter Butler,75,600 Wyatt Plains,North Jeffrey,Montana,37198,-89.976945,-7.7318225
Sherri Lee,19,6335 Katherine Brooks,East Debrastad,Pennsylvania,86002,-42.162379,-7.2284925
Colin Hughes,76,51794 Spencer Row,Myershaven,Texas,16899,-132.344407,74.5596275
Victoria Wheeler,42,312 Amy Mission,West Theresa,North Carolina,95369,-57.470685,84.5002555
William Scott,40,7375 Susan Springs,Derekburgh,Georgia,11983,-98.470343,24.3024565
Amber Vincent,54,61267 Matthew Bridge,Sparksborough,Kansas,29765,106.483254,24.4667625
Travis Moore,26,41797 Christine Way Suite 447,East Joseph,Oregon,59333,24.265529,-30.035493
Jerry Charles,35,2790 Amber Square,South Sethfort,North Carolina,22068,131.953533,-70.2278865
Patrick Hernandez,76,124 Jacqueline Well Suite 765,Port Nicholas,North Carolina,31284,-85.690501,35.073617
James Rivas,27,36611 John Manors,Jacksonton,Arizona,72984,-179.799811,-42.7320075
Megan Jones,63,42387 Mackenzie Glens,Higginsberg,Tennessee,73657,21.937535,29.3833475
Sarah Martinez,21,10493 Michael Hills Suite 445,East Kristenchester,Minnesota,99586,27.225459,75.2716925
Robert Vasquez,64,1777 Cristina Fall Suite 285,West James,Kentucky,01438,70.847439,-86.6062615
Jacob Dunn,62,76102 Brandi Rapids,Hardingshire,South Dakota,24986,154.545685,-2.0857075
Larry Adams,71,76341 Paul Court,South Taraburgh,Idaho,32691,150.892695,-15.655523
Dr. Sharon Martinez,80,4508 Christopher Hill Apt. 609,West Justinville,New Jersey,51175,-130.906745,32.850199
Natalie Macdonald,49,172 Kathryn Dam,Adrianbury,Montana,83987,172.712054,-78.2695865
Amanda Rodriguez,25,04129 Mueller Creek,Moorefort,Georgia,61469,6.656563,6.6723445
Tony Miller,71,173 Danielle Trafficway,Lynnbury,Maine,88964,96.399589,48.061538
Megan Franklin,52,87551 Rebecca Roads,West Rachelton,Idaho,92036,34.077482,56.8450075
Mary Bailey,31,924 Martin Park,Kimberlyton,Alabama,06272,-120.327395,-52.726676
William Golden IV,68,6131 Erika Spurs,Lake Natalie,North Dakota,00937,70.021668,-2.3954805
Christina Joseph,63,67219 Hanson Street,Williamsontown,Nebraska,67011,88.864933,78.1161725
Sabrina Harris,49,7323 Duncan Road,Geraldbury,Pennsylvania,68983,-151.026424,81.441784
Jason Stephens MD,59,66782 Colleen Falls Apt. 834,North Erica,Michigan,29223,76.378424,48.367704
Whitney Castillo,49,09174 Russell Overpass,Frankside,Michigan,32379,156.459693,55.066078
Lindsay Collier,79,65098 Tamara Ranch,Klinestad,Ohio,95875,112.273628,-44.440628
Sandy Howell,57,96293 Jones Fall,Eugeneville,New Hampshire,25197,66.405438,67.0863235
Edwin Hawkins,70,2326 Brown Key Suite 974,Susanside,Mississippi,52894,-36.621990,27.2537655
Lori Salas,72,583 Miller Cliffs,North Gerald,Arkansas,40044,75.919224,53.9174225
Jackie Hill,46,41395 Chen Fall,East Cherylburgh,Oklahoma,20987,127.462282,13.407315
Stacy Cooper,41,2748 Curtis Meadows Apt. 990,Allisonberg,Alabama,57060,60.994234,-52.1580885
Helen Owens,72,55231 Joseph Isle,Lake Christopher,Louisiana,20014,-74.633295,9.2642345
Francisco Murphy,23,886 Chavez Orchard,East Sarah,Colorado,95410,46.213091,80.668471
Laura Rogers,42,095 Kelly Viaduct Apt. 456,West Miguel,Nevada,01805,-12.656754,-0.9037695
Dillon Smith,36,8698 Marvin Brooks,West Alan,Wisconsin,24796,20.220027,-22.9866755
Daniel Wilcox,66,460 Wall Roads,South Shelly,North Dakota,93748,3.724175,16.260631
Sherry Oconnell,70,2794 Katrina Ferry Suite 967,Reynoldschester,Texas,20619,-5.004251,-26.885728
Leah Jackson,63,00199 Kelly Point,South Bruce,Missouri,56866,-25.497435,18.6396655
Jordan Ewing,77,274 Harding Pines,Michaelshire,Nevada,82853,113.197703,84.546918
Jessica Shaw,44,3610 Miller Islands,Danielview,Arizona,67554,-114.051320,-44.708748
Patrick Henderson,51,94571 Joyce Terrace,Bradfordberg,North Carolina,42894,72.372204,-19.3146425
Heidi Yoder,57,95189 Teresa Street Apt. 924,East Candace,Maine,81998,52.657403,-78.791070
Alexander Knight,76,57985 Wright Harbors Apt. 310,Edwardland,Washington,12611,-107.062867,60.5672455
Luke Reynolds,57,61338 Cox Cliffs,Heathborough,Alabama,65815,-114.123310,19.6964295
Kevin Estes,28,03537 Lane Ports,Richardside,North Dakota,51213,160.341149,-26.3138815
Miss Kristin Green,80,70955 Jonathon Keys,South Stacey,Virginia,28871,-143.044717,19.158959
Justin Garcia,79,274 Rivera Viaduct Apt. 237,Lindashire,Pennsylvania,56703,166.177018,11.7416095
Connie Richardson,19,456 Michael Drives Apt. 611,Rasmussenside,Delaware,70699,-146.303740,44.1571615
Nicholas Simmons III,46,804 Davis Village Apt. 001,Rileyfort,Iowa,79696,-98.558771,7.502973
Joshua Guerra,62,8625 Tony Highway,Daleburgh,Alabama,62555,108.302017,-23.698862
John Nicholson MD,22,41743 Anderson Groves,Combsland,Louisiana,22231,178.232566,-69.395794
Regina Moore,23,278 Heather Trail Apt. 844,Larsonton,Connecticut,98106,164.730481,-17.9014735
Pamela Schmidt,64,7460 Amanda Centers Suite 800,East Jeffery,Iowa,93987,25.962039,49.588490
John Martinez,31,344 Lambert Tunnel,Leefort,Georgia,23332,50.164632,-47.012409
Samantha Stephens,57,890 Rangel Unions,New Brandon,Arizona,85621,-37.477513,11.779412
Deanna Adams,23,7363 Christopher Hollow,West Jamie,Hawaii,72455,136.455453,5.578979
Kevin Beck,29,318 Ryan Plaza Apt. 654,North Shelbymouth,Kentucky,89863,151.253858,22.045230
Erika Mclean,64,357 Stanley Square Suite 903,Maryhaven,South Dakota,66677,-82.790357,-32.312101
Brenda Hill,72,5878 Diaz Spurs,East Christineborough,North Carolina,77821,-35.261180,61.770465
Stacey Lee,79,59812 Maria Spring Suite 657,Wallacechester,Arizona,92039,-71.884157,-72.896439
Jonathan West,41,1257 Margaret Ranch Apt. 338,Williamburgh,New Mexico,69096,-101.754075,-16.323576
Hannah Smith,41,7757 Lewis Islands,Chadchester,Alabama,69174,-164.687859,73.9634655
Bradley Webb,35,6886 Danielle Junction,Melissaside,New York,53433,24.251726,-43.548736
Charles Sullivan Jr.,70,5297 Johnston Isle,South Paulburgh,New Jersey,14258,167.949003,-49.891127
Mark Anderson,71,627 Jennifer Tunnel,Annhaven,Montana,81725,97.651433,-39.223532
Alexander Ortega,46,419 Zimmerman Avenue Suite 276,Port Austin,Michigan,02475,-157.931747,-83.860763
Brenda Davis,23,08473 Lopez Tunnel,Port Lisa,Maine,53483,-144.070642,-59.9369975
Steven Evans,47,6377 Natalie Ranch,Lake Mark,Louisiana,76999,-30.682561,-1.3961675
Cheryl Wang,42,5393 Brown Pines,West Catherineview,Alabama,90374,1.664647,-66.565949
Laura Manning,77,828 Powell Ferry,East Derrick,Oregon,14786,-17.706011,-69.460451
Thomas Murphy,50,3757 Quinn Alley,East Zoe,Maine,49389,-40.410056,-23.4681045
Nicholas Osborne,44,05490 Rodriguez Tunnel Apt. 125,Johnsontown,South Dakota,32044,155.864629,61.8412545
Fred Wright,69,56935 Thomas Wells,Melanieberg,North Carolina,19991,-178.253931,-17.9885845
Caitlin Bernard,32,7940 Judy Mount,North Chad,Illinois,02389,-66.258664,-39.291199
William Cox,80,05037 Erin Land,Harryberg,Maine,29787,118.696655,24.706079
Benjamin Smith,33,820 Michael Shores Suite 116,North Brian,Maine,08551,119.289162,9.9094475
Lisa Phillips,19,1940 Aaron Cliffs,West Jenna,Texas,17350,-142.976897,37.2182525
Joseph Salazar,44,15768 Meagan Knolls,Davidtown,Oregon,32360,147.339719,-39.299680
Dominique Williams,62,889 Powell Street Suite 891,Calebburgh,New York,82255,-44.162550,82.1765315
Brandon Bowen,48,1535 Wilkins Road Apt. 249,Andrewstad,Nevada,47506,126.534907,-38.1432395
Deanna Mcconnell,70,99269 Amber Parks,Nelsonport,New Jersey,94102,68.851348,50.400848
Patricia Cummings,40,74505 Richard Trafficway,Blairview,Virginia,21171,-35.190845,88.057892
Justin Ramirez,35,5613 Brooke Tunnel Suite 217,West Shane,Utah,01094,12.933831,-64.2810215
Ralph Rodriguez,77,8040 Susan Inlet Apt. 744,Davidborough,South Carolina,77568,108.611332,-58.293286
Brandon Mcbride,49,4222 Duffy Squares,Davidville,Washington,04680,-52.394623,-11.276748
Austin Campbell,69,94597 Morris Vista Apt. 644,East Maryside,Pennsylvania,30398,-89.618932,-80.7271585
Edward Cain,41,23937 Clark Road,Adamsport,Wyoming,63359,-106.205218,-36.6680075
Craig Jacobs,38,429 Jones Court Suite 954,South Stephen,West Virginia,96569,-100.327380,-75.736976
William Adams,35,87766 Abigail Burgs Suite 671,Laurieville,Louisiana,84091,179.223943,-59.7604695
Mitchell Harmon,54,5620 Ryan View Suite 590,Vasquezview,Oklahoma,38583,-65.925389,48.4313635
Charles Hayes,48,091 Zavala Fort,New Katiehaven,West Virginia,93417,-83.896595,-21.803016
Jonathan King,26,9101 Daniel Square Suite 800,Lake Rebeccastad,Maryland,47888,89.256283,-84.243241
Kathleen Hernandez,61,691 Brooks Mount Apt. 653,West Amyberg,West Virginia,53837,161.328896,-56.0246155
Ryan Rogers,18,858 Jennifer Oval Apt. 499,Shafferton,Maine,38139,-16.798254,-83.3894115
Jeanette Nielsen,37,97657 Annette Wells Apt. 641,Kimberlyfurt,Hawaii,34340,-75.699299,89.0339965
Leon Sullivan,47,979 Newman Keys,West Susanshire,Montana,26517,-158.534114,17.429689
Heather Kelly,73,026 Anderson Spur Apt. 893,Kimberlyburgh,Connecticut,51170,-159.723014,-39.310537
Matthew Arias,64,0441 Carroll Way,Lake Elizabeth,Pennsylvania,06910,152.448514,50.772547
Kristen Mayer,64,3879 Matthew Summit,North Johnmouth,Idaho,43162,15.593561,75.735381
Lauren Moore,80,9614 Christopher Corner,Jayshire,New Jersey,40930,-139.234272,-7.3307265
Madeline Neal,77,2017 Hill Lodge,Maryview,Indiana,21977,-134.644487,-38.6100515
Tim Gonzalez,29,27631 Acosta Lock,Knappmouth,Alaska,04599,174.416061,-7.5911405
Edward French,53,0400 Martin Extension Apt. 230,Rhondamouth,Hawaii,68655,158.913308,39.8449405
Roberto Freeman,56,4205 Mills Summit,Port Steven,Missouri,01175,161.161761,-2.325205
Diane Tate,38,94989 Dana Lodge,East Deanna,Vermont,21003,117.950885,44.698264
Tina Jacobs,23,9573 Kathryn Field Suite 584,New Jaredview,Kentucky,74519,145.120196,-56.9207745
Deanna Williams,41,4489 Melissa Trace Apt. 697,South Rebeccaview,Tennessee,46623,57.626939,-69.1309815
Mario Hall,24,11500 Dean Canyon Suite 842,Hillburgh,North Carolina,98797,54.701748,-41.5891695
Brittany Morgan,54,85821 Tiffany Estates,East Karenburgh,Vermont,65911,-24.180936,5.578774
Dr. Adam Yates,54,96661 Lisa Place Suite 768,New John,Kansas,59469,71.375726,76.4947245
Brandon Rivera,20,231 Hernandez Mount,Caitlinborough,North Dakota,78128,51.009825,-86.168195
Angela Russell,71,0307 Rogers Keys Apt. 705,New Jefferyberg,Nebraska,30718,36.364435,38.1149605
Amber Yang,30,212 Martinez Heights,Williamhaven,Missouri,96810,-97.540792,-36.122429
Johnny Haynes,69,63416 Hernandez Via,South Derekburgh,Mississippi,39621,69.233405,-28.2307645
Sarah Wilson,65,923 Watson Estate Suite 209,Greenfurt,Alaska,90021,143.276838,5.9027555
John Adams,26,02688 Eugene Lakes Suite 948,Lake Scott,Illinois,75881,-105.693343,-16.617296
Steven Alvarado,79,36938 Collins Square Suite 408,South Amandabury,North Carolina,88644,-57.227992,24.484265
Madeline Lucas,75,8878 Audrey Circles,Patriciaview,Louisiana,26436,65.024880,1.3863995
Alexis Long,80,885 Rogers Passage Suite 794,North Andrea,Tennessee,48663,86.218517,-28.210441
Paul White,69,091 Cameron Fork Apt. 137,Longmouth,Idaho,25458,-7.224939,74.4124335
Dr. Crystal Wagner MD,75,287 Bauer Keys Suite 345,Jasonton,Massachusetts,65561,-97.720003,-68.145899
Amanda Mclean,48,767 Webster Ways Apt. 275,South Christie,California,73590,139.294757,-28.2191845
Sean Williams,43,56680 Goodwin Expressway Apt. 979,East Chelseafort,Washington,79019,27.767322,88.976726
Kathy Khan,52,2606 Reese Ports Suite 569,Shelbyville,New Hampshire,38282,72.870492,42.9155875
Brenda Moore,67,702 Amanda Curve,South Tammy,Mississippi,05481,-41.683085,52.948006
Olivia Hughes,45,289 Heather Squares Suite 606,Cohenmouth,Minnesota,77983,-147.617625,-57.897940
Phillip Duncan,49,8582 Aguirre Islands Apt. 608,Wilsonbury,Alabama,30859,-108.556841,13.237826
Jody Rose,42,254 Kathryn Road,Perezburgh,Indiana,70710,-162.806360,-5.872491
James Perez,41,47466 Harmon Hill,East Nathan,New Jersey,49588,-88.267415,69.341701
Taylor Williams,33,88731 Julie Courts,Gordonport,Texas,35193,-48.914055,-75.734612
Thomas Lee DVM,25,9883 Tammy Avenue,Powellton,California,96143,16.954509,62.082090
Adam Robinson,24,67523 Shah River,Mariahmouth,Minnesota,34335,-78.678473,1.474882
Melanie Mcgrath,73,6181 Brown Spur,New Samuel,Minnesota,25672,-33.338357,-17.6367725
Jordan Rowland,80,726 Jensen Trafficway,Danielville,Nebraska,74155,114.369249,-37.874591
Kimberly Ramirez,44,90852 Pugh Hill,Shawnshire,Iowa,44381,125.143482,1.1996775
Michael Bryan,23,298 Baker Drive Apt. 183,North Brittneystad,Illinois,06803,-175.501840,-85.765215
Sarah Richards,75,554 Suzanne Ports Suite 173,Guzmanbury,New Jersey,68146,88.943537,63.566580
Hannah Cook PhD,53,25551 Jack Crossing,Lake Elizabeth,Nevada,89620,85.059502,78.8529915
Jesse Miller,42,30106 Maldonado Forge Apt. 372,South Kimberlyton,Delaware,81556,32.303270,87.442918
Nicole Gardner,31,36894 Fitzpatrick Plaza Apt. 575,Whiteshire,Washington,81035,35.611304,13.7245715
Taylor Cooper,50,32177 Marquez Valleys Apt. 052,North Anne,Alabama,70661,-125.667756,-87.112345
Kevin Mejia,18,81027 Thompson Avenue,Lake Antoniomouth,Kentucky,99296,-176.373814,40.241838
Katie Brown,57,271 Brown Trail,Mooremouth,Vermont,23455,95.810712,-89.4537795
Deanna Suarez,76,542 Laura Shore Suite 320,Port Kyle,Hawaii,10749,97.660402,-31.2958745
Emily Craig,40,522 Ricardo Glen Apt. 441,East Maria,Virginia,37727,-111.689721,-76.753625
Joy Larson,44,397 Evan Expressway Apt. 762,Port Dianaberg,Hawaii,03903,115.979756,-77.8815255
Ellen King,44,2518 Bryan Freeway Apt. 362,West Michael,Washington,91345,138.523993,9.890380
Jennifer Thomas,35,022 Ortega Orchard,Susanchester,Idaho,84682,114.262673,6.1084065
Savannah Hernandez,56,63841 Wilson Haven Suite 589,Amandaborough,Kansas,17128,-51.145352,13.587616
Sandra Wallace,57,665 Jerry Centers Apt. 894,Shellyside,New Hampshire,95791,129.760474,-52.7041125
Justin Schultz,68,67126 Russell Bypass Suite 264,North Lisaland,Idaho,42312,-118.464000,-11.249639
Jill Parker,42,8298 Rachel Heights Apt. 021,Williamsfort,Connecticut,81425,49.110986,-29.5659495
Mr. Timothy Warren,40,913 Cohen Streets,Julieshire,Texas,85747,-30.653847,73.596077
Raymond Stokes,58,50136 Flores Roads,Matthewmouth,Indiana,15723,-70.155567,-37.4840855
Rachel Daniels,37,156 Anthony Pass Apt. 501,West Melissachester,Michigan,57429,-140.990659,-63.5643455
Robert Mcdonald,42,6455 Smith Gateway Apt. 415,Michellemouth,Minnesota,07691,-10.617466,-64.280957
Michael Holt,21,026 Anderson Skyway Suite 358,Clarkhaven,Connecticut,44309,106.390489,49.2596025
Rebecca Turner,36,5673 Leonard Brooks Suite 619,Alyssaton,Massachusetts,04288,116.060462,-10.1317835
Caitlin Palmer,64,76626 William Mall,East Oliviaton,Utah,13508,76.996374,-75.4943525
Zachary Butler,71,99472 Rodriguez Vista,North Rachelhaven,Colorado,96949,-58.217578,18.5587695
Stacey Dickson,64,402 Gregory Avenue,New Connorview,West Virginia,24852,-124.222979,-40.770726
Jason Phillips,60,04677 Sanchez Hills,Johnsonport,Ohio,25097,53.074697,28.1334385
Amanda Simpson,42,57660 Phillips Island Apt. 961,Leeview,Mississippi,41417,118.332322,-31.6798335
Jenna Krause,34,0622 Kimberly Prairie Apt. 276,Lake Marymouth,Montana,19050,-60.021273,9.7462935
Vickie Rodriguez,22,626 James Path Suite 239,North Michelleside,Wyoming,25621,-141.576330,72.830998
Travis Harris,34,28132 Heather Lane,Lisachester,Massachusetts,61350,25.692868,-17.407371
Brian Wilson,42,4835 Wilson Gateway,Flowersville,Colorado,43674,-170.705916,61.412457
James Roth,66,125 Stevenson Views,Cantuchester,Maryland,43236,-17.858573,-7.735336
Kimberly Owens,47,520 Casey Green Apt. 179,West Robertfurt,Louisiana,32798,62.205442,-13.856398
Brian Sutton,70,829 Meagan Keys Apt. 435,Cordovaview,North Carolina,35962,-170.980840,0.8132865
Karen Smith,63,35359 Cardenas Alley Apt. 808,Danielfurt,Pennsylvania,74085,-169.189378,12.652569
Ronald Flores,68,98940 William Hill,Guerreroview,Pennsylvania,97441,139.119871,47.8886085
Kristin Ortiz,42,20884 Kim Stream Suite 368,South Ericborough,Arkansas,57357,-128.237525,72.2309135
Abigail Williams,53,4668 Diane Street Apt. 691,Lewistown,Arkansas,26034,-72.556328,84.622118
Alan Johnson,71,389 Mindy Manors Apt. 103,Melindatown,Kansas,79647,36.214718,-80.203472
Elizabeth Jackson,30,8485 Day Heights,East Taylorburgh,Nebraska,94912,17.122580,39.610524
Kelly Grimes,62,137 Robert Locks Apt. 706,Lake Theresa,Massachusetts,90111,-88.419390,16.8624015
Mrs. Jessica Estrada MD,47,255 Austin Meadows Apt. 452,Hutchinsonmouth,Missouri,86467,-73.429796,-65.1958375
Daniel Daugherty,54,57917 Carr Cliff,Anafurt,Maryland,18890,122.670605,77.0697495
Patricia Scott,42,414 Sampson Alley,North Thomasberg,Alabama,62083,155.976898,-55.011474
Mark Huerta,68,413 Ryan Viaduct Suite 360,West Shannonton,Alabama,57105,108.917177,-37.6803055
Nathan Brock,56,789 Parks Extension,Jasonville,Texas,78562,-17.191228,72.045252
Victor Briggs,53,39130 Carr Summit Apt. 428,Millerchester,Mississippi,05238,75.985148,-82.5060795
Casey Williams,52,388 Levine Rest Apt. 526,East Michael,Texas,26320,114.089530,6.0091915
Joseph Hall,59,56468 Woods Spurs,Christopherchester,Nebraska,77309,-123.959650,-14.8337065
Kenneth Nolan,32,325 Delgado Curve Apt. 899,New Tinaborough,Pennsylvania,52236,-94.392762,32.527730
Alison Marshall,73,3879 Gilbert Lane Suite 464,Port Rita,Maryland,11164,-129.149718,70.707372
Megan Vasquez DVM,77,82624 James Run,South Jamesland,Colorado,75830,4.215714,64.848433
Casey Lyons,75,22908 Griffin Well Suite 638,North Glennburgh,South Carolina,65946,-20.975501,-18.754172
Lynn Garcia,72,172 Curry Inlet,South Philip,Maryland,28699,88.572450,-21.189926
Andrea Farrell,28,82008 Nichole Glen,Terriborough,South Dakota,81583,8.576667,38.3273445
Phillip Larsen,56,7221 Dodson Station Suite 233,Christophermouth,Tennessee,20215,37.064622,-27.524486
Elizabeth Mills,80,7877 Richardson Fields,West Xavierfurt,Vermont,00705,-89.365294,14.955276
Carolyn Lewis,35,0898 Butler Route,North Katherinetown,Kansas,87628,163.495969,80.828462
Robert Weiss,73,74570 Ortiz Manor Apt. 341,Maxwellton,Idaho,64774,68.685382,18.743655
Rebekah Hart,75,0546 Hill Squares,East Karen,Wisconsin,33650,-123.773999,-56.943858
Micheal Mccall,59,10100 Michael Springs,Catherineland,Vermont,55051,4.572648,60.9282455
Mark Martinez,51,861 Linda Circles,New Danieltown,Wisconsin,38640,-76.866652,27.4557505
Marvin Hines,25,2895 Brianna Knoll,Wilcoxbury,North Dakota,07404,-7.733648,-6.7420215
Jesus Simmons,33,72024 Craig Stravenue Apt. 335,West Lisahaven,Ohio,30521,149.515006,71.7974955
Joann Howell,24,83224 York Trace,Robertsshire,North Carolina,85701,-128.745532,-36.990492
Stanley Smith,63,1251 Andrew Mills,Evanland,Georgia,84708,-34.758556,21.766147
Brian Carter,23,4476 Pamela Lodge Suite 372,Carterview,Oklahoma,43267,139.966722,-11.336512
Cassandra Howell,60,1928 Mendez Loop,South Carlyland,Virginia,18139,3.721770,6.768054
April Bennett,23,22150 Hall Station Suite 964,South Williamchester,Virginia,25433,-152.213230,11.4981105
Michael Moreno,65,88182 Ronald Divide Suite 796,Allenview,Montana,68278,-14.786735,-63.0452015
Gary Atkins,47,863 Jared Valleys Suite 212,West Wanda,Arizona,67298,8.111356,-2.115302
Maxwell Peters,27,1783 Henry Squares Suite 244,Port Rachel,North Dakota,14397,11.575269,73.6832785
Susan Perry,31,2202 Stein Circle Apt. 166,New Brendaton,Nevada,73928,-129.707957,-8.9463805
Sara Owens,47,1729 Charles Mountain,Robertmouth,Vermont,40519,152.614596,77.629095
Antonio Sharp,26,830 Brown Vista,Alexaport,Maryland,76101,-62.291771,-6.303527
Mark Patrick,60,54094 Kayla Shoals,Joneston,Maryland,73476,-24.843149,65.734172
Crystal Lee,77,30925 Hunter Trace,Rebeccaville,Texas,22683,-10.858486,13.5684835
Savannah Chapman,63,23777 Garrett Mills,West Kimberly,Kentucky,89068,107.128231,71.481044
Kellie Reid,46,6376 Newman Brooks,South Brian,South Dakota,69250,-170.324500,-56.3907345
Brandon Smith,56,4575 Copeland Junction Apt. 173,South Elizabeth,Nevada,13541,-34.786825,45.7722995
Steven Wright,35,4429 Michael Lock Suite 627,Lindaville,New Jersey,59041,63.055224,-47.763622
Hannah Brown,40,531 Caroline Walks Suite 786,Dominguezmouth,Illinois,29092,-156.555252,-81.9720725
Joe Montgomery,41,239 Cannon Mills,South Randy,Idaho,71561,158.371771,-46.747603
Lisa Warren,54,55474 Cassandra Crossing Suite 222,Lake Natalieview,Tennessee,69941,-114.786963,-88.660617
Kent Gutierrez,74,3613 Odonnell Forge Apt. 930,Lake Erin,New Jersey,25201,143.220529,69.002580
Darren Wagner,26,69218 Yolanda Causeway,Port Gregoryhaven,New Jersey,41015,-173.402898,84.328271
Timothy Kim,46,033 Joseph Center Suite 957,Blackwellborough,New Mexico,48528,-105.592728,-13.6644915
Andre George,52,698 Ashley Islands Apt. 055,Benitezshire,Idaho,71818,97.769403,67.0017895
Tamara Edwards,55,42103 Daniel Via,Barronside,North Dakota,26362,-161.774064,57.8979855
Angela Lee,62,727 Clarence Rapid Suite 680,Port Cynthiaport,Alaska,29297,-42.342992,52.008081
Kaitlyn Chase,78,4854 Valerie Corners Apt. 958,South Raymond,Delaware,74285,124.925409,-22.351224
John Cohen,75,209 Burch Burg Apt. 205,Lake Timothytown,Arizona,14755,-176.197698,-40.165021
Robin Harris,42,6562 Misty Keys Apt. 129,Cookview,Illinois,50103,-35.702187,85.8669815
Joshua Williams,67,0733 Ryan Wall Suite 654,South Victoriastad,Kansas,70908,166.046768,-21.489139
Gerald Valentine,38,0401 Douglas Lodge Apt. 172,Lynnburgh,Wisconsin,09992,-130.257929,-13.156519
Peter Daniel,43,850 Linda Isle,Kellyfurt,Nevada,71516,157.698259,13.9414305
Deborah Guzman,72,30853 Michelle Heights,Lake Benjamin,Ohio,28923,57.343000,-4.658177
Meagan Bennett,19,220 Brandy Port Apt. 494,East Saramouth,Oregon,58278,-151.714531,36.651868
Megan Burton,71,82916 Wagner Locks,South Melinda,Hawaii,16347,-20.026617,-54.089142
Sean Harris,38,0561 Long Springs,Christineshire,New Mexico,86614,-153.586553,69.505646
Melanie Thomas,47,6185 Melinda Falls Suite 815,East Donna,Utah,63886,149.560765,-68.7896835
Mary Kirk,59,50573 Sullivan Via,North Michaelville,Washington,67398,-70.426624,-20.2409375
Rebecca Martinez,80,89171 Rosales Common Apt. 381,Andreachester,Oklahoma,93874,47.943986,49.5609375
Mrs. Erin Hayes DVM,76,38387 Wallace Skyway Apt. 657,West Meganfurt,New Jersey,21697,148.089707,-71.9123455
Mrs. Kristina Johnson MD,43,98402 Anna Burgs Suite 531,Hesterview,Virginia,21298,-140.854169,-84.835518
Tina Werner,53,67410 Jon Prairie Suite 418,Barreraland,California,47072,-59.699241,-21.2399205
Mallory Miller,68,33992 Mcguire Knoll,Santosview,Kentucky,57421,-125.388750,59.911777
Rachel Trevino,49,4199 Keller Locks,Sandershaven,Tennessee,72648,-89.680266,60.1921685
Karen Stewart,64,7077 Clark Highway,New Briannashire,Oklahoma,98600,-78.332469,-66.830502
Amanda Galvan,70,89515 Young Heights Suite 736,New Michael,Idaho,26339,104.287215,-42.513584
Crystal Li,42,38871 Joseph Ridge Suite 662,North Alexandra,Pennsylvania,01184,-108.564659,51.338854
Andrea Hicks,27,6102 Love Island,New Rachel,Kansas,22112,110.108405,5.608947
Richard Clark,80,0133 Andrew Pike,South Sharon,Iowa,61446,17.279071,-61.6701455
Angela Melton,53,29868 Kimberly Island,New Jason,Oregon,69663,35.881018,1.7052295
John Baker,32,68862 Denise Plains,New Sylviaborough,Washington,80149,131.792630,76.8124495
Amber King,21,3461 Michelle Crossing,Santanabury,Alabama,61247,-88.179382,37.8369865
Brent Smith,31,761 Michael Flat,Lake Adam,Alaska,93911,-112.139203,-7.691495
Joyce Wheeler,70,20370 Michael Crest Suite 178,New Brianmouth,South Carolina,32698,-32.467801,85.141536
Ross Wiggins,47,745 Thomas Glens Suite 152,Brianburgh,Illinois,50873,47.900396,-44.805654
Andrew Woodward,57,341 Schneider Heights Suite 511,Dalechester,Massachusetts,45202,-123.439614,-29.224091
Dale Collins Jr.,77,914 Martin Rapid Suite 132,East Valeriefurt,Arkansas,00744,84.352335,78.2917565
Caitlin Clark,49,5009 John Orchard,Markchester,Idaho,72858,-49.959645,-87.4158265
Arthur Williams,50,35842 Alvarado Greens Suite 736,Taylorburgh,Iowa,20244,-30.676514,18.974005
Kenneth Green,37,079 Shawn Spur,Roystad,North Carolina,18504,171.408834,86.378696
Lisa Blake,27,42307 Michelle Spring,Ashleetown,Arizona,39780,144.129104,39.945519
Robert Larson,31,3476 Adams Walk,New Eileenbury,Wisconsin,83119,179.105866,-89.4444095
Ian Snyder,64,46081 Monica Crossing Suite 058,Tammyburgh,Nebraska,01213,57.597346,1.990077
Christopher Vaughn,34,360 Mary Spring,Carpenterborough,Vermont,82266,-62.164873,87.232927
Elizabeth Black,23,470 Vicki Lodge Apt. 884,New Kaylashire,Kentucky,12547,-90.103467,-35.3652655
Rebecca Armstrong,80,96264 Mckenzie Squares Apt. 310,East Thomas,Kansas,28181,173.116023,55.3650725
Stephen Hicks,60,76861 Amanda Cliffs Apt. 537,North Jessicashire,Nebraska,65038,-122.346232,36.721964
Frank Gonzales,39,757 Arnold Pine Suite 770,Thomastown,Maine,06992,-90.288145,-68.9527425
Lindsey Wilson,42,3140 Gonzalez Route Apt. 712,Jenniferport,California,05067,-46.355600,-74.3466315
Patrick Gonzalez,54,742 Nicholas Burg Suite 564,North James,Texas,39974,-123.841677,-37.5345995
Jesus Santos,66,43203 Jacqueline Junction Suite 384,Frankburgh,Vermont,24328,-98.453833,-19.8229745
Aaron Payne,57,6140 Wendy Circles Apt. 200,Wendyhaven,South Dakota,98489,147.799678,-44.8739545
Benjamin Russell,51,9095 Todd Stream,East Karl,Iowa,05403,-105.720442,59.610074
William Stevens,21,1558 Christy Lights,Lake Lisafurt,Wyoming,88769,122.726508,70.2285505
Theodore Allen,67,375 Sims Parkway Suite 236,West Kathyside,Mississippi,40723,-130.770356,40.455398
Janice Austin,76,6763 Mariah Point Suite 863,Johnsonville,Louisiana,94380,-165.320159,-69.150996
Allison Jackson,56,27837 Zamora Squares Apt. 915,Floresborough,Illinois,78681,20.001289,22.2314475
Christian Strickland,25,94745 Matthew Fords,Holtland,South Dakota,75373,5.515813,-76.096760
Deborah Parker,46,83023 Rose Viaduct Apt. 662,East Lisa,Utah,03085,-179.799065,-30.615706
Mary Bradley,76,80931 Rose Tunnel,West Kimberlyshire,South Carolina,66286,72.366007,69.3161615
Steven Lee,62,2916 Rivera Pine,Port Paul,South Carolina,24661,-82.220074,-88.8573315
Heather Reynolds,31,12269 Osborn Shoal Suite 394,Alexandrachester,Iowa,73430,29.302508,45.572559
Brooke Paul,43,3724 Richardson Lake Apt. 512,West Aaronside,Virginia,76439,-56.158828,6.2355355
Brandi Ritter,30,53654 Steven Flat,Port Angelica,Virginia,69233,147.285788,-11.892710
John Williams,73,7011 Diana Spur,Jamesbury,Delaware,02373,17.323870,-80.387407
Brenda Wright,61,568 Becker Rapids,Marthaville,Montana,76118,-18.523294,-53.3625375
Amy Bennett,37,594 Shane Cliffs,Navarroton,Idaho,02837,94.320366,-61.2101925
Raymond Woods,52,997 Morris Flat,South Lisa,Arizona,65405,-164.533029,4.8188265
Jessica Smith,55,6364 Jessica Loop Suite 222,Lake Andres,California,26801,142.185407,-42.3060645
Allison Benitez,78,49851 Stacy Plains Suite 217,Port Evanfort,Michigan,81796,-170.641298,17.871291
Jennifer Yu,55,608 George Locks Apt. 922,East Bethville,Connecticut,42920,131.180006,44.809831
Antonio Mckenzie MD,22,09351 Elizabeth Walks Apt. 742,South Matthew,Florida,12690,89.719843,-30.6116885
Katherine Scott,39,12233 Brown Loop,West Jose,Colorado,47083,-81.168727,33.0326065
David Aguilar,75,444 Katie Port Apt. 886,Davidhaven,Pennsylvania,49159,-23.516101,-89.2888005
Mark Jenkins,31,0787 Brooks Ramp Suite 387,Lake Carrie,Montana,30970,114.951858,52.408621
Phillip Levine,60,9351 Johnson Terrace,Heatherfort,Vermont,57164,-42.867791,-83.730105
Christopher Moore,56,7168 Espinoza Light Suite 174,Julieside,New Mexico,48326,130.930312,58.6090805
Emily Bruce,28,92312 Jeremy Cliff Apt. 715,East Robertborough,Washington,55477,-172.202147,-51.1567415
Keith Hill,78,344 Klein Row Suite 368,Port Stevenstad,Alaska,55641,110.413611,-88.125212
Tara Shannon,51,18178 Dennis Mews Apt. 211,Jamesland,Virginia,95081,-116.396395,65.8241805
Jasmin Reese,74,992 Douglas Lodge,Pearsonhaven,Delaware,59597,147.304237,26.843340
Stephanie Fleming,77,00286 Nicholas Plains Suite 094,Lake Dawnbury,West Virginia,19130,-163.483647,69.1984775
Jerome Weber,19,452 Turner Forest,Dominiquehaven,Hawaii,96683,92.035489,25.746222
Ryan Kline,79,80462 Corey Lakes,Susanview,North Carolina,48989,5.132415,-72.870066
Justin Blair,32,504 Michael Mountains,Shaffershire,New York,11163,-117.235575,-36.851714
Jenna Hall,33,5660 Dan Spring,Mooreborough,Maine,27869,164.174339,73.0434595
Gabriel Howell,53,93021 Donna Park Suite 406,Johnsonburgh,Maryland,28422,75.386327,-29.122344
Christina Watts,50,024 Garcia Ramp,Port Kristinhaven,Virginia,07166,-19.325452,66.898174
Julie Harris,29,1926 Webster Glen,West Kristin,Michigan,52632,-114.370570,-74.0405185
Kathryn Walters,38,64358 Wilson Estate Apt. 736,Meyermouth,New York,27708,-154.254695,83.5983625
Barbara Wells,67,4945 Jerry Wells,Raymondville,Hawaii,45659,131.824780,-19.824427
Tiffany Gregory,18,87170 Christopher Mountain Apt. 296,East Anabury,Montana,62008,145.382332,78.733424
John Charles,50,103 Lucas Center,Beltranton,Kansas,47959,-98.165167,56.7441325
Kelly Hudson,46,09370 Flores Creek Apt. 284,West Amandamouth,Tennessee,92964,-35.609641,15.082197
Michael Perkins,47,1674 Rice Meadows Apt. 830,Wilcoxfurt,Nebraska,67168,138.666416,67.227798
Amber Kemp,32,20894 Ramirez Gardens,Nunezview,West Virginia,37304,-4.169406,-25.782483
Jeremiah Henson,44,93165 Roberto Roads Apt. 315,East Seth,Louisiana,20000,-171.948379,70.3722125
Jessica Owens,64,83072 Shawn Villages Apt. 469,Lewischester,Vermont,02393,-77.073172,-70.0006865
Colleen Smith,19,20495 Joshua Spring,East Nicole,North Carolina,99778,65.877454,-8.5770325
Elizabeth Smith,38,795 Penny Brooks,Lake Rachel,Oregon,76794,144.340786,-39.688907
Mark Smith,56,48903 James Groves Suite 909,South Yvonne,Maryland,18691,-92.441629,-7.728700
Stacy Conley,73,70084 Destiny Forges,Jessicamouth,West Virginia,22646,22.022912,20.989878
Marcus Taylor,27,90312 Carolyn Junctions,Guerreroton,Maryland,81097,153.631205,16.965356
Maria West,27,846 Jeffrey Ways,West Gabrielborough,Iowa,83953,42.012380,-72.8131985
Gary Morgan,34,47240 George Drive Suite 085,Chandlerland,North Dakota,20372,43.305154,-62.284390
Adrienne Davis,19,3168 Leblanc Bypass,Derekfurt,Illinois,94941,57.989025,-81.672904
Heidi Evans,72,1550 Luis Turnpike,North Richardville,Tennessee,88648,-174.670508,7.0394785
Robert Hood MD,65,096 Amy Hollow Suite 749,Kaylamouth,New Mexico,71575,-98.839641,4.1897855
Eric Wagner,78,347 Pratt Burg Apt. 498,Oliviashire,Nevada,86866,16.444110,26.174807
Austin Lawrence,36,21282 Thomas Ports Suite 313,Duncanmouth,North Dakota,19956,51.155422,-48.308170
Ryan Collins,38,48855 Owens Spur,New Robert,Montana,78734,-114.046572,-0.148232
Vincent Lee,29,2439 Rodriguez Cliffs,Youngchester,Hawaii,81150,-109.983284,-46.616932
Angela Wilson,74,7815 Jerry Ramp Suite 641,East Johnbury,Massachusetts,07497,173.034808,-56.349529
Tommy Johnson,43,7301 Victoria Club Apt. 742,North Derrickfurt,Maine,16650,112.346904,60.538532
Marco Rivas,62,3123 Teresa Courts Apt. 855,South Catherineside,Vermont,70434,15.857872,-70.791626
William Hughes,40,598 Ian Rapid Suite 412,Roachstad,Oregon,04332,2.858702,-15.0304675
Shawn Moore,74,42392 Jeffrey Light Apt. 328,New Alexandraport,California,25624,-101.122075,-73.2989815
Shelby Choi,57,216 Dana Springs,Lake Shelleyfurt,North Carolina,09158,175.422541,-81.789536
Amanda Alvarez,71,61676 Megan Camp,West Michelle,Oregon,50082,-171.535462,-82.2953775
Curtis Riley,36,24678 Hanson Point Apt. 223,Aguirretown,Indiana,08987,162.795478,46.857344
Erica Mendoza,20,30677 Mary Street Suite 332,Lopezberg,Hawaii,64104,126.481885,-4.9018595
Tracey Phillips,67,667 Webb Forks Apt. 146,Port Marcusshire,West Virginia,42100,-24.547277,6.021479
Jessica Coleman,47,0509 Ballard Key Apt. 739,Jenkinstown,Florida,44213,-62.491956,-44.0496985
Amy King,64,88583 Doyle Ville Apt. 366,Lake Nicole,Delaware,06843,4.798490,-39.1254715
Laura Curtis,74,9449 Tyler Course,South Elizabeth,New Jersey,86987,107.245340,76.0572205
James Payne,35,834 Ward Plains Suite 273,Lake Johnland,Montana,64583,159.045675,-1.832058
Nicholas Hamilton,31,3053 Baird Mountain Apt. 028,Hillmouth,Indiana,82297,-131.622077,-64.9383885
Timothy Mercer,73,0263 Michael Parkways Suite 075,Port Laurafort,Hawaii,24212,-140.102507,49.7474005
Ricardo Williams,38,168 Gardner Islands,Kathyfort,Alabama,99401,-155.879482,68.921066
Ronald Nelson,34,108 Luis Hill Suite 892,New Amyshire,New Jersey,55605,19.741111,61.101219
Walter Avila,35,212 Villarreal Park,South Crystal,Louisiana,27319,92.813887,-8.2440705
Patrick Reynolds,45,54586 Stuart Track Suite 745,Kimberlystad,Minnesota,28262,-121.756250,-86.6148855
Paul Mercer,52,500 Leblanc Vista Apt. 959,Christinaside,Oregon,78575,92.178690,18.9603235
Tiffany Davis,29,66255 Barrera Islands Apt. 749,Jacksonton,Ohio,98929,48.117592,-65.949520
Danielle Ortega,38,9293 Shaw Groves Suite 566,Andersonport,North Carolina,36640,49.181697,3.664753
Frances Shelton,62,11103 Christina Junctions,Rebekahview,Michigan,81064,46.063008,83.872168
Joseph Green,20,39057 Rodriguez Square,Josephburgh,Maryland,86884,-78.074312,36.0494355
Sierra Wood,53,356 Black Walk,Michaelton,New Jersey,58751,176.905647,82.674340
Monica Wilson MD,44,5281 Thomas Fields Apt. 307,Lake Corey,Oregon,50909,118.438106,80.226534
Jordan Lee,69,2582 Collins Corners,Manuelfort,Missouri,38073,41.904178,-82.027939
Angela Rice,25,6573 Toni Summit Apt. 631,North Kelsey,Virginia,51992,-6.647091,-46.2474145
Robin Jimenez,22,71641 Phillip Views Apt. 424,Lake Robert,Oklahoma,72463,-117.128860,-0.388850
Kristy Coleman,75,5463 Lutz Crossroad Suite 492,Richville,Indiana,89554,-44.525916,-40.545566
Garrett Harris,79,4790 Francis Gateway,North Cynthiachester,Kentucky,70685,147.893382,88.492113
Austin Phelps,52,01978 Richard Shore,North Gary,Connecticut,99100,-82.220642,-34.857238
Amy Glenn,28,055 Paul Place,Maryport,Delaware,96961,-36.567041,55.684267
Luis Peterson,45,2341 Evans Grove Apt. 123,Matthewberg,Hawaii,82736,115.749553,6.7190765
Theresa Sims DDS,27,07593 Knox Fort Suite 183,Port Jackborough,Indiana,16011,20.911587,-62.8961575
Heather Young,59,55099 Peter Motorway Suite 827,Lake Jillport,Vermont,92544,-178.166650,-20.8382975
Michael Jones,46,411 Garner Street Apt. 386,New Keith,California,28551,-54.871149,-48.453553
Christina Sanchez,65,457 Jennifer Estate,Lewisfurt,South Carolina,54367,-12.384653,-15.6189135
Corey Quinn,25,8567 Eduardo Ramp Apt. 599,Newmanfurt,Wisconsin,94178,70.518791,-0.3426915
Kimberly Kelly,71,23018 Scott Centers Suite 049,West Jeff,Rhode Island,74408,135.010354,39.602951
Christopher Ramirez,76,38806 Michael Summit,Aaronchester,Rhode Island,57056,-93.033631,3.155305
Kathleen Garner,44,744 Laura Mews,Brianstad,Washington,25415,-31.704821,-61.4492765
Heidi Williams,23,6770 Mueller Station Suite 154,Jaychester,Nebraska,52002,89.578945,-59.0149185
Julie Barron,64,89570 Lisa Ferry,Kristinport,Missouri,87712,62.254462,-61.267976
Jeffrey Crawford,72,00057 Turner Skyway,Scottmouth,Michigan,72362,37.822849,76.120413
Gregory Elliott,29,2302 Bradley Stream,Port Alyssaland,Delaware,52077,162.651284,46.3568875
David Freeman,34,163 Sandra Station,Elijahchester,West Virginia,74994,-177.523179,88.660873
Edward Cooke,59,21276 Drew Inlet Apt. 665,Williamborough,Arkansas,38371,2.951235,-81.529839
Jeremiah Rios,54,60103 Gonzalez Mountain,Thomasburgh,New Mexico,07128,-166.328532,74.996437
Ryan Jones,79,88236 Brennan Spring,Whiteland,Alabama,77618,32.941477,32.301644
Kevin Williams,78,222 Andrew View,Elizabethberg,Oklahoma,95982,-44.422840,21.6454115
Cody Thomas,23,650 Jessica Flats Apt. 271,Lisaside,Delaware,54129,-166.862831,62.854479
Brett Adams,77,606 Walter Fork,East Zachary,Delaware,62802,-46.752100,-84.5569685
Dr. Paul Hunt PhD,20,4255 Bradley Port Apt. 997,West Heather,Washington,36817,-81.997779,38.664324
Jessica Lee,48,32003 Allen Village,Roseton,Virginia,52094,-77.133497,-41.174313
Nicole Hanson,57,9720 Jesse Loaf,Hernandezstad,Arkansas,95112,161.515720,-27.7743815
Mary Myers,51,943 Allen River,Thomasport,New Hampshire,90294,-120.197112,-39.463924
Elizabeth Le,27,223 Pamela Island Apt. 977,Amandaport,Oklahoma,88043,18.947425,35.8128255
Ashley Oliver,78,6646 Montgomery Mill Suite 033,Staffordview,Nevada,66454,-132.792167,40.7858405
Tyler Weeks,59,62013 Jesse Falls Suite 319,Ramosborough,Illinois,63776,33.749670,69.524665
Justin West,80,38400 Ward Grove Apt. 322,Lake Renee,Virginia,71797,-8.585684,-10.2228395
Chase Stone,71,5701 Wilson Place Apt. 079,Ericksonfort,Vermont,11857,48.117641,7.386440
Anthony Parker,22,28501 Arthur Stravenue Suite 159,Tanyatown,Indiana,44213,3.045115,-22.039054
Gabriela Gonzales,70,1438 Paul Keys,Bakermouth,New Jersey,64911,108.711041,6.127825
Gary Taylor,33,07532 Amanda Path Apt. 189,Aprilland,Hawaii,60208,17.614170,-11.5470665
David Stevens,62,374 Jason Shoals,Stewartside,Kentucky,48416,172.549910,-18.129236
Bryan Marks,78,231 Linda Spur Suite 264,New David,Texas,25228,-40.684949,77.043552
Linda Butler,74,3462 Blake Park,Maryport,Indiana,78833,-71.562423,59.6427765
Melissa Lawson,35,8159 Taylor Island Apt. 044,Matthewborough,Colorado,25807,124.361434,81.519310
Diana White,19,07089 Simpson Stravenue Apt. 183,Lake Jason,Arkansas,09711,-12.726790,65.334588
Cheyenne Michael,50,41752 Lisa Ports,Jeffreyview,Washington,36456,137.223634,-17.4133095
Timothy Yates,41,38993 Jacqueline Radial,South Joseph,Texas,92971,-94.347079,81.418129
Marissa Rodriguez,50,01167 Murray Station,Solomonmouth,North Dakota,16742,91.445163,-12.421168
Ronald Meyer,19,3177 Adams Harbor Apt. 152,Blackwellstad,Oklahoma,81972,147.432159,16.410672
Crystal Perez MD,28,072 Jonathan Dale,West Wayne,Alaska,95189,-122.859727,40.7690835
Monica Hayes,72,756 Sarah Forks,Port Edward,West Virginia,57468,16.845278,17.315640
Melissa Martinez,34,399 Sarah Trafficway,West Judy,Iowa,36596,-50.255298,29.5999335
Kylie Lewis,73,7792 Greg Drive,North Angela,Alaska,79633,123.726087,1.368522
Richard Ford,53,1927 Nicole Stravenue,East Denniston,Vermont,60413,-119.523063,59.7492525
Ashley Kirby,74,04148 Shannon Knoll,Torresberg,Kentucky,08126,-86.254554,-49.3438115
Hayley Brown,53,80974 Christine Fall,Blevinsmouth,Maryland,81415,-137.887518,17.515864
Anthony Arnold,45,1691 Richard Key Suite 737,East Samantha,Maine,24788,-153.308240,76.3741795
Kenneth Hill,62,92049 April Crossing Apt. 788,East Leonardborough,Florida,79886,177.006101,-68.752429
Jill Martin,79,662 Schmidt Key,Janetberg,Illinois,13289,144.045635,-23.2792725
Sara Gill,67,1148 Robinson Harbors Suite 714,Howardhaven,Alabama,89825,-59.889780,89.2346385
Richard Lewis,74,0596 Hill Road,Joseborough,Ohio,75134,-129.696830,-0.506858
Emily Mcdowell,49,019 Barnes Meadow,Tylerstad,South Carolina,96668,-163.720110,-4.5274805
Joe Flowers,26,94844 Laura Fork Apt. 640,New Matthew,Oregon,23646,-128.031087,16.0514405
Emily Goodman MD,51,1070 Phillips Bridge,New Hannahfort,New York,92320,-35.041602,67.0588575
Shannon Hunt,33,8188 Roberts Cliffs,Kevinberg,Iowa,99406,105.806531,-31.110204
William Stewart,54,196 Angela Shoals Suite 321,Jessicaborough,Tennessee,56449,-146.649630,-39.4159655
Daniel Davis,61,74236 Jessica Mount Suite 741,Wangstad,Michigan,24254,43.974612,71.2504265
Vincent Wilson,69,4866 Brian Shore Suite 480,South Scottview,Colorado,88386,-136.011607,-59.1712405
Gail Chapman,21,170 Elizabeth Circles,South Georgeton,Washington,19581,157.645778,-47.7788215
Joseph Allen,24,2786 Hernandez Plaza,Jenniferport,Nebraska,05180,59.214017,-29.197453
Christopher Berry,39,868 Jennifer Drives,Lake Jenniferbury,Hawaii,87350,-127.084277,28.8464215
Katherine Shaffer,67,399 Sean Track Suite 366,Brooksfort,South Dakota,57293,165.882884,50.6929095
Nicholas Watts,79,89481 Leslie Extensions,South Stephaniebury,Texas,56944,-18.172740,-78.7930975
Alyssa Caldwell,18,117 Karen Extension,Vargasport,Colorado,19145,-56.367278,69.388206
Jessica Walton,42,0119 Brooks Locks Apt. 729,Thomasport,Wyoming,91800,14.624853,-67.433889
Casey Stewart,40,263 Oliver Island,Valeriefort,Indiana,80568,149.551903,-86.550500
Robert Hale,44,929 Katherine Knoll,South Dawnmouth,Alabama,20471,-39.956473,83.7054685
Stephen Johnson,38,74248 Cooper Ville Suite 670,Ryanshire,Wisconsin,43365,115.419727,74.162706
Daniel West,77,44773 Elizabeth Camp Suite 921,Hamiltonton,Hawaii,92061,143.228268,46.6724375
Laura Garcia,39,731 Amanda Island,New Tinaborough,New Hampshire,85792,-26.960193,-22.620489
Kari Peterson,53,8945 Crawford Glens,Lake Nicholasmouth,Utah,91155,24.832593,21.257116
Joseph Ryan,54,19745 Hahn Rapids Apt. 845,Dianaview,Idaho,04607,-164.028583,89.136614
Dr. Anthony Mathews,77,63090 Carter Mission Suite 155,Sabrinashire,Minnesota,88916,64.316633,-0.4074345
Sabrina Gibson,47,651 Rachael Ways,Sarahmouth,Rhode Island,18823,-172.692854,-71.241157
Terry Avery,48,1580 Quinn Hills Apt. 106,Tylerville,Oregon,87374,-63.204242,6.5718955
Mrs. Jessica Black DDS,68,198 Dylan Ports,Port Joseph,Texas,84719,159.624896,-23.391830
Sarah Robinson,68,0126 Donna Ridges Apt. 824,Marieshire,South Dakota,09883,118.525975,-50.986786
Anna Hunt,79,92473 Mindy Courts Suite 256,Harveyview,Minnesota,76031,33.328364,-80.005134
Katie Taylor,33,3966 Williams Plain Apt. 696,Hurleyberg,West Virginia,21365,68.628539,15.231544
Kimberly Daniels,45,60495 Hall Run,Port Deborah,Vermont,45400,66.981143,-33.383181
Erik Adams,59,31649 Parker Creek,Anamouth,Mississippi,03287,110.498551,-67.787116
Stephanie Sexton,33,35865 Matthew Burg,West Ericland,Iowa,69825,97.189782,67.644503
Gabrielle Clark,27,89561 White Ford,Gaymouth,Connecticut,37537,-174.954219,-34.691066
Dylan Ford,67,41170 Harold Trail Suite 433,Cortezfort,Virginia,35085,-77.184086,-85.3434215
Emma Anderson,50,15851 Jacob Passage Suite 076,West Amanda,California,08790,-80.307573,89.120391
Paula Harrington,75,53050 Stephanie Via Suite 088,Port Janet,Kentucky,21438,-32.587900,-74.9593255
Karen Brown,33,2971 Danielle Prairie Suite 018,Henryside,Illinois,08489,99.226890,61.7300925
Tyler Frazier,64,313 Joseph Ports Suite 884,Websterfurt,Washington,27534,45.745592,-50.6068635
David Davis,60,1076 Ashley Parks,Barnettshire,Kansas,87537,102.228345,84.918610
Wesley Woods,28,8495 Walters Passage,Elizabethshire,Arkansas,06536,173.384875,-46.2501755
Danny Wilson,41,2822 Richard Station Suite 245,Martinborough,Virginia,81794,-66.272690,-72.8656675
Alan Lester,26,06602 Madden Isle,Lake Taylor,Kentucky,77352,-8.185909,-64.503087
Peter Hawkins,80,889 Justin Walk,Meganborough,Pennsylvania,77629,155.953675,51.3411965
Joseph Chen,29,657 Bonnie Turnpike Apt. 256,Brittanystad,Wyoming,38725,-38.556418,32.2521825
Jill Morales,66,7868 Wheeler Square,Harrisberg,South Dakota,88567,-49.800604,59.038248
Jason Williams,35,073 Carlos Underpass Apt. 650,Port Aliciaton,Alaska,40643,124.485885,-39.672666
Gregory Wells,43,970 Alicia Lakes Suite 248,Wrightberg,Alaska,58742,-15.051217,58.1627115
Brian Gibson,75,684 Brenda Valley Suite 481,Mcfarlandstad,Kentucky,10340,-63.677761,67.514538
Jon Lester,65,0209 Danielle Fall Suite 188,Port Andrea,Illinois,07550,-1.013286,-34.8807805
Ashley King,25,682 Elizabeth Route,New Austin,Indiana,49248,-151.531140,55.7700125
Michael Mckenzie,46,9572 Hoffman Mission,Roachchester,Pennsylvania,24014,-169.914985,-82.9880485
John Gonzalez,43,7966 Kenneth Mission,North Joshuatown,South Carolina,63813,18.030750,-69.3039555
Howard Hernandez,73,182 Sara Plaza Apt. 012,East Elaine,Oklahoma,41761,59.660522,10.376626
Andrew Anderson,45,770 House Grove,Whiteshire,Nebraska,31638,-92.318675,-34.1781895
Andrea Harper,27,8175 Erika Rue,Jacksonfort,Illinois,40765,-121.856319,-20.666149
Amanda Rich,18,49061 Reynolds Spurs,Jeremytown,Nevada,94671,77.830142,-24.298323
Sarah Gilbert,52,3255 Contreras Forks,Tracyville,Nebraska,87915,-102.432337,62.366011
Lisa Wallace,62,3173 Greene Village Apt. 792,Reyesview,Georgia,74617,6.234395,-69.2903585
Clifford Clark,66,94892 Eduardo Valleys,Brownmouth,North Dakota,55348,-53.631430,-34.4438025
John Jones,22,94940 Megan Manor,Davidtown,Missouri,68837,-119.851238,81.368474
Kimberly Mcdonald,43,60924 Richard Via,North Teresachester,South Dakota,73457,-9.310859,-84.514134
James Sanchez,35,538 Joseph Orchard Apt. 332,Hesterton,Wyoming,85342,-34.287092,2.4607975
Daniel Marshall,76,080 Zachary Cliff,South Shannonport,Georgia,16251,-24.068157,-72.5248675
Aaron Smith,70,406 Hernandez Fort,Morrisbury,California,93287,-32.055867,-39.785485
Crystal Daniels,20,7260 Clark Union,Donaldburgh,Washington,66407,67.568683,-31.022241
Bradley Hogan,55,5130 Ryan Knolls Suite 181,Gardnerbury,Georgia,11802,50.331661,-32.9488685
Dominique Hendrix,48,18603 Mitchell Drive,Nataliebury,Connecticut,84099,21.725889,-54.657724
Heather Wyatt,71,766 Hill Road Apt. 891,New Donnashire,Idaho,25384,-104.040087,-47.8596405
Ashley Morris,19,68709 Gould Expressway Suite 258,Katherineshire,Wisconsin,67385,94.257799,-20.867153
Matthew Cantu,20,75884 Gregory Villages,South Eric,Indiana,40774,122.366186,74.3357665
Erin Tyler,19,8025 Gregory Haven Suite 688,Monicastad,Hawaii,32081,10.295564,-65.3386595
David Maynard,28,8107 Bowers Shores,Port Shawnberg,Delaware,98242,138.320347,4.428056
Kimberly Walker,20,9728 Elliott Rue Apt. 964,Valerieburgh,Tennessee,46879,-134.402893,-26.985159
Andrew Greene,50,9975 Amanda Extension,New Anna,Kentucky,94595,86.564405,-78.518916
Laura Boyer,80,215 Hall Island Apt. 970,Lake Patrick,New Jersey,58819,6.506645,65.489773
Justin Thompson,38,157 John Forks Apt. 395,Port Dawnland,Washington,21990,-134.656794,-45.979546
Brandon Jones,71,497 Kirk Locks,Smithmouth,Arkansas,95756,110.790473,3.979306
Mr. David Liu,69,00689 Callahan Bypass,Kelseyshire,New Jersey,49266,-145.757352,45.131894
James Freeman,19,659 Jessica Mountain,New Amberburgh,Connecticut,06489,-73.174104,-80.104730
Lisa Jones,75,994 Donald Island Suite 243,North Susanville,Wyoming,44786,154.329077,-75.0059605
Jeffery Leon,78,8072 Russo Flat Apt. 461,Wagnerborough,Mississippi,09933,-133.905029,-70.234730
Michael Mata,78,3245 James Causeway,Port Daniel,Nebraska,98374,-28.772248,-32.852268
Tyrone Moore,71,86788 Baker Place Suite 733,West Jenniferview,Indiana,10388,-129.618694,-9.4019975
Valerie Rodriguez,79,2512 Eric Ramp,Lewisberg,Delaware,07118,102.727444,-53.428019
David Bailey,31,9191 Blake Plaza Suite 840,South Sarashire,Arkansas,40216,-79.115443,14.422248
Alexis Collins,75,18209 Mitchell Extension,Port Kennethton,Montana,10962,12.060881,0.226408
Michael Pena,35,29945 Ruiz Loop,South Patriciaborough,Alaska,78030,-0.742143,50.169049
Justin Parker,55,763 Richard Underpass,Walkerview,Maine,72311,8.539964,72.296910
Dr. Matthew Williams,40,21233 Katherine River Suite 950,Thomaschester,Rhode Island,52154,-145.285340,-89.301910
David Hartman,52,147 Amanda Port,Port Johnland,Nevada,48827,-132.786286,-77.316251
Jennifer Mendez,75,54919 Linda Ranch Apt. 053,East Danielborough,Oklahoma,66093,-53.249202,-86.318672
Brandon Meadows,67,338 Roberts Branch Apt. 631,East Ginafurt,Indiana,02607,4.375381,68.677900
Erika Escobar,27,03623 Justin Island Suite 969,Jennifertown,Nevada,30973,-63.327092,65.887139
Julie Brooks,32,63033 Amanda Park,Cardenasstad,Illinois,97835,-145.128711,73.1996195
Kirk Weber,57,7165 Richard Wall Apt. 095,Lake Ashley,California,49591,112.074923,29.539826
Allison Paul,52,1941 Cook Stream,North Lindaview,Montana,05464,-105.752888,-74.9525085
Carlos Thompson,69,279 Stevens Bridge,Nguyenmouth,New Jersey,85549,-174.502579,56.7458255
Christopher Brown,38,2183 Wells Spurs Apt. 343,Hughesland,Tennessee,05601,-144.484649,-59.8980975
Shawn Travis,49,9143 Gomez Crest,Pughshire,New Mexico,35726,-149.788440,24.9751565
Daniel Anthony,18,570 Lang Prairie,East Jerryville,Texas,79317,32.503243,52.911588
Charles Mckay,30,1429 Dwayne Flats,Jenniferhaven,North Dakota,81739,-9.003796,-4.007802
Pamela Jones,37,648 Leblanc Trail,East Jameshaven,Mississippi,61270,-123.879274,-70.988000
Patrick Bradley,37,2523 Sanders Fall,East Barry,Kentucky,99456,-76.929334,58.9439075
Brandy Wallace,33,4086 Gutierrez Rest,Zacharymouth,New York,59231,-2.589283,-41.460325
Joseph Mueller,71,03331 Virginia Meadow Apt. 217,Jodyshire,Connecticut,18544,77.646830,39.439502
Dr. Craig King,41,8770 Aguilar Fords Suite 346,Conniefurt,New Mexico,38272,-39.360057,61.1817325
Jacob Williams,26,258 Joseph Mountains,Port Derrickfort,Oklahoma,93248,160.951192,-86.980107
Michael Richard,67,05820 Murphy Ridge Apt. 951,South James,Alaska,53959,136.685073,-18.1810145
Gerald Shaw,55,68880 Taylor Camp Suite 712,East John,Delaware,87449,69.678031,67.2202485
Wendy Crawford,68,57279 Lisa Prairie,New Edward,Idaho,13077,75.954704,-51.272148
Leslie Henderson,39,58203 Reyes Summit,Stacychester,Ohio,74537,-168.546253,39.068921
Terrance Roberts,46,04900 Johnson Place,South Margaret,Minnesota,92007,92.322487,-86.796101
Martin Smith,50,6414 Cassie Mission,East April,Connecticut,82754,68.863012,73.2429395
Phillip Austin,48,759 Tonya Camp Suite 396,Jessicaburgh,Tennessee,04355,44.111197,76.222811
Laura Stewart,72,07342 Jones Villages,North Ivanbury,Pennsylvania,50297,-22.882132,-74.8903755
Pamela Martin,23,781 Lauren Mount,North Stephen,Maryland,50722,150.568092,-63.798057
Roy Pruitt,25,59875 Tina Parkway,Denisehaven,Texas,75952,40.696111,48.2133125
Christine Burke,32,3312 Wagner Garden Suite 183,New Janetborough,Kansas,24198,-129.821293,-68.4822335
Seth Green,18,63902 Myers Shoal Apt. 998,Lake Jesse,Vermont,57046,-155.098851,78.0753675
Jonathan Chen,47,334 Paul Alley Suite 420,Andersonchester,Maine,85321,28.909794,-79.386935
Peter Watson,66,65848 Mcdowell Extension Suite 120,East Darrenberg,Wisconsin,58380,-31.340063,-74.456782
William White,63,30532 Brandon Club Suite 250,Lake Timothy,Maine,21751,76.121718,-52.677749
Anthony Owen,79,499 Michael Orchard Suite 430,Alishabury,Ohio,91840,-98.459720,-77.993050
James Gray,55,55572 William Underpass Apt. 831,East Brian,North Carolina,05865,115.062921,37.9599965
Cassandra Barajas,68,5510 Walter Plains Suite 766,Walkershire,Illinois,71184,-158.053342,2.392085
Elizabeth Lindsey,77,165 Simpson Lodge Apt. 020,Myersfurt,Kansas,96833,-52.147072,23.261415
Jacqueline Green,48,083 Haynes Drive Suite 264,Meyerton,Wisconsin,24612,19.010252,55.943247
Mrs. Helen Burke,69,2443 Gibbs Lodge,Port John,Maine,65575,111.230829,34.011264
Heather Dudley,73,197 Jordan Tunnel Apt. 806,New Karaland,Colorado,80327,-59.503632,79.759566
Candace Reed,37,8523 Rodriguez Valleys Suite 771,Lake Joshuafort,West Virginia,79465,81.358295,-81.144916
Michael Reed,23,91709 Barrett Bridge,North Kaitlynport,Illinois,22001,-114.592963,-69.6521105
Elizabeth Nguyen,41,659 Jennifer Wells,Berryton,Oregon,75747,62.673982,-89.337349
Dr. Becky Jordan MD,50,6505 Susan Fort,East Adam,New Mexico,97583,46.182987,-88.9369135
Latasha Jones,36,282 Smith Pines,Stephaniechester,Arkansas,72326,24.293373,-1.5906595
Greg Briggs,60,088 Jeffrey Cliffs Suite 381,Angelahaven,South Dakota,04182,-36.625733,-76.1658045
Elizabeth Paul,41,780 Gaines Ville Suite 433,South Richard,North Carolina,56223,-178.469109,47.138709
Alexis Juarez,57,2040 Christopher Haven,Laurafurt,Hawaii,96373,-139.036739,81.7215115
Caleb Bryan,79,96429 Fox Shoal,New Joshua,Virginia,90728,4.163617,-45.732624
Regina Phillips,44,58274 Sarah Coves Suite 099,East Reginald,Arkansas,11977,-13.281718,37.586129
Stacy Wilson,75,926 Holt Street,Lake Jason,Virginia,65694,28.104018,30.820607
Kayla Mcclure,77,019 Donald Brook Apt. 131,Sandersfort,Maine,64292,-110.335510,12.0090015
Taylor Ware,71,5231 Tom Valleys,Melendezshire,Rhode Island,89307,86.397711,47.9669575
Cameron Arnold,48,73932 Walker Squares,Smithside,Florida,49534,45.430281,68.543906
Susan Wilson,27,182 Smith Springs,Lake Jessica,Vermont,30305,-143.832246,0.7219255
Barbara Brown,21,1387 Dylan Ranch Suite 515,Keithchester,Alabama,23505,75.983829,25.481440
Julie Leonard,25,4770 Martinez Mills,East Michelleburgh,Ohio,20862,60.316231,-82.6992405
Austin White,63,356 Curtis Summit Suite 339,North Lauren,Kansas,08059,-167.426572,-43.4148765
Dr. Rebecca Williams,53,34637 Lauren Hill,Cunninghammouth,Tennessee,68471,67.636983,-18.8634565
Laura Chaney,44,2121 Kim Cliffs Suite 040,Sawyerfort,Kansas,28497,-98.307984,66.467893
Leslie Stevens,70,796 Nelson Plaza Apt. 358,Port Carriemouth,Montana,76945,-29.846677,-30.9083905
Tina Colon,50,9633 Mary Harbor,New Andreaborough,Missouri,11369,83.962997,81.3903865
Vanessa Smith,37,81185 Hays Valley,East Sheryl,Hawaii,92299,27.792109,-52.1694665
Tristan Knight,28,72277 Marshall Station Suite 396,Jeffreyburgh,Idaho,41605,139.497883,-50.583832
Kayla Mcclure,80,0255 Erica Ports,Port Sallychester,Iowa,66858,117.057205,-79.0674675
Andrew Nguyen,18,6657 Kathleen Place,New Matthew,Nebraska,41429,174.194416,-32.4781205
Leon Mcclure,70,4806 Maria Track,North Brandybury,Missouri,52975,17.562070,-26.4901385
Tyler Francis,25,4198 Kramer Shoals,Spencermouth,New York,44641,10.365579,-33.3890085
Robert Hodges,68,392 Teresa Pines Suite 080,South Adamton,West Virginia,89008,39.947487,59.423798
Bradley Burgess,46,5818 Tami Track,Michaelville,Rhode Island,00607,-89.839116,-9.316931
Brian Huynh,72,77214 Greene Track,North Daniel,Montana,01070,113.189329,3.7425705
Michael Garza,79,7776 Jacob Streets,North Glenfort,Vermont,30079,-83.157721,7.046875
Dawn Price,32,0792 Brittany Villages,Williamsshire,Pennsylvania,55955,-54.181742,-76.9979765
Jessica Craig,28,9715 Pena Plaza Suite 382,Port Sandrabury,Massachusetts,04862,-87.029693,61.2626295
Michael Hoffman,19,6843 Collier Club,Port Jeffreymouth,Kansas,04658,-45.458679,71.931024
Michael Gonzalez,36,893 Burton Skyway Apt. 298,New Eric,Colorado,16271,75.974804,58.5218955
Jason Phillips,56,812 Bryant Meadow Apt. 032,Walkermouth,North Dakota,21125,-115.093949,77.227646
Rebecca Harding,49,17188 Sanders Locks,West Kevin,West Virginia,43021,-22.649091,66.242477
Lauren Hill,35,8394 Dale Vista Suite 735,Grahamchester,Wisconsin,02622,157.547375,13.7114245
Lisa Wu,76,159 Madison Rest,East Gabriel,New York,53309,-65.718918,58.8858115
Kenneth Hernandez,46,7961 Scott Gardens Apt. 194,Brownberg,Montana,63809,174.003482,75.626890
Edward Adams,19,349 Joseph Village,Adkinsville,Ohio,54110,45.576033,52.5060845
Michael Torres,77,7794 Hanson Brooks Apt. 937,Adamsbury,Wisconsin,74783,-45.521584,-20.098706
Dana Williams,51,49323 William Ville,South Maryview,Nebraska,42908,-7.349759,-67.883890
Michael Valdez,76,975 Yolanda Lights,Adrianatown,Maryland,36121,7.635985,-67.735776
Laura Molina,44,871 Edward Stravenue Apt. 453,North Tylerview,New Jersey,19780,89.535257,66.128149
Rachel Moore,29,879 Melissa Drive Apt. 832,South Marcus,Colorado,51832,-27.033607,34.8190185
Mary Williams,79,7526 Parker Forest Apt. 226,Lake Dorothyside,Nevada,95080,64.950000,37.648916
Paul Stewart,38,3876 Calderon Place,West Mary,California,99480,-162.902497,-27.5240995
Timothy Vargas,67,81838 Nathan Valleys Apt. 578,Gonzalezborough,North Carolina,77679,-2.352065,-26.225083
Oscar Mcbride,45,727 Daniel Pines,New Daniel,Arizona,64402,-79.472388,-43.055297
Abigail Mejia,23,81902 Karen Rapids,Autumnview,Maine,19288,-39.727848,66.1947325
Dana Sanchez,27,52880 Parks Views,Lake Aaron,Massachusetts,62378,9.667767,-7.885726
Kenneth Lester,63,25500 Cynthia Shore,Hannahside,Minnesota,10812,12.978899,-31.2865505
Tiffany Williams,25,78231 Micheal Field,Michaelmouth,North Dakota,42663,-16.515408,-24.214977
Jeffrey Buckley,41,501 Garrison Pike,Port Brianna,Massachusetts,24018,24.933096,-28.3093985
Manuel Mason,32,160 William Lights Suite 689,East Gregoryland,Massachusetts,47815,101.406549,-30.1059595
Angela Jackson,26,396 Bradley Crest Suite 474,North Ryan,Kentucky,73052,-125.972151,-41.4396075
Tammy Rodriguez,24,10151 Walker Islands Apt. 565,New Scottview,Illinois,37012,10.043213,43.241860
Lynn Robertson,67,24152 Evans Harbor Apt. 137,South Bradleybury,Massachusetts,83926,145.679060,-1.4845205
Eric Brown,63,1650 Brown Ramp,Lake Angelahaven,Colorado,64061,-89.399525,-21.039775
William Wilson,78,91767 Laura Drive Apt. 590,Andrewstown,Nebraska,30878,47.500545,-3.354704
Jessica Hernandez,62,7626 Jones Square Apt. 596,Frederickchester,Montana,79917,-33.665130,60.8790095
Brandy Case,59,127 Fox Mission,West Christopher,Alabama,64249,159.827264,26.5566935
Heather Ruiz,20,853 Victoria Via Apt. 967,Whitetown,New Jersey,90703,-0.380646,3.871936
William Young DDS,76,5457 Michele Junction Apt. 214,Alexashire,Washington,28007,105.764863,31.4980385
Philip Wheeler,35,6323 Whitney Manor,East Evelyn,Arizona,59653,-114.419443,-53.2356675
Paul Davenport,42,986 Ian Grove,Taylorport,Louisiana,08207,-113.842786,-35.462758
Justin Robinson,23,60792 Hayes Loaf,Gabrielleport,Rhode Island,51956,-134.459274,-73.993389
Samantha Scott,41,325 Pineda Lodge,Morenostad,Tennessee,56561,-79.729632,-67.264685
Melissa Coleman,50,33910 Vicki Stream Suite 969,Williamside,New Jersey,29567,174.766133,10.9303875
Dr. James Montoya Jr.,50,307 Lucas Junctions,Garrettside,South Carolina,94549,95.585992,35.252782
Anthony Abbott,71,92813 Martinez Squares,Kaylafurt,Massachusetts,85093,-91.040767,7.6596565
Eric Mitchell,50,43897 William Lane,South Chris,Maine,87510,119.575380,25.7472405
Angela Kennedy,58,0594 David Passage Suite 359,New Steven,Kansas,76464,131.688734,73.223060
Alexandra Soto,37,04492 Johnson Harbors,South Reneefort,Virginia,64152,114.990985,17.238491
Christine Murillo,44,7592 Thomas Glen Suite 045,Millerberg,New Mexico,40300,151.751530,87.5030985
Kerri Bridges,74,2258 Curtis Rest Suite 574,North Michelle,Washington,67728,162.776973,-82.2667145
Janet Martinez,37,641 Pope Pike Suite 804,Maryfurt,North Dakota,28714,-59.535854,-44.867467
Michael Deleon,19,9997 Nunez Landing Apt. 553,Kellystad,New Jersey,25959,-77.322802,51.322417
Kevin Johnson,59,13606 Pitts Unions Apt. 595,New Charlestown,Mississippi,57448,-15.892652,57.652464
Darlene Shields MD,53,90082 Baker Underpass Suite 517,Andersonbury,Hawaii,07202,-83.203733,-28.861412
Megan Rivers,21,982 Cheyenne Rest Apt. 700,Perkinsmouth,Arizona,15241,80.010150,63.6670975
Benjamin Mckenzie,66,74204 Thompson Turnpike,Anthonyview,North Dakota,76894,-133.635609,-15.805554
Michael Willis,30,115 Rebekah Skyway Apt. 076,Port April,Vermont,09683,34.427878,86.581135
Joseph Oneill,52,46044 Regina Ferry,Terrystad,Washington,55713,47.878347,-57.795224
Trevor Willis,28,5220 Ellison Cape Apt. 092,Pittsview,Utah,75521,-108.475960,-68.836421
Steven Baker,33,072 Joshua Square Apt. 765,Lake Loretta,Connecticut,08322,-123.149827,46.1562985
Amanda Peterson,60,2079 Bradley Union,Jenkinsfort,Nevada,72548,-163.981407,-19.4543655
Nicole Schultz,75,908 Wright Curve Suite 267,Rebeccashire,Colorado,35659,-177.215206,79.539115
Mr. Stephen Bennett,55,5580 Dale Estate Apt. 879,Barronmouth,Louisiana,86484,76.970418,4.5289105
Emily Horn,34,541 Collins Hill Apt. 363,Port Manuel,Alaska,56226,7.869284,-22.555694
Jonathon Rodriguez,79,3054 Joel Parks,Whitemouth,Rhode Island,51068,-22.307006,-4.645417
Jennifer James DDS,65,854 Timothy Port Suite 024,South Allison,New Hampshire,99911,149.966370,-60.443219
Erik Brown,77,64582 Montoya Ranch Suite 458,North Nicholas,Kentucky,26190,87.820136,21.862952
Michelle Peterson,58,6721 Middleton Dam Apt. 738,Dennismouth,New Hampshire,82000,13.441965,-16.3820785
Cindy Garcia,55,18883 Thomas Plains,Lake Andreashire,New Hampshire,04628,42.600511,74.009726
Lisa Williams,42,11015 Travis Bypass Suite 218,East Kenneth,Arizona,33372,0.512350,3.995816
Heather Cantu,35,018 Thomas Road,Lake Heather,Kentucky,11844,-56.892313,55.071180
Sierra Collins,20,7488 Stout Parks,Jonesview,Kentucky,01059,-19.816145,-18.7550045
Cheryl Moran,34,46428 Cowan Terrace,Ericland,South Dakota,79173,109.205771,-43.8078085
Martha Johnston,52,44060 Jackson Orchard Suite 212,Smithmouth,New York,67316,112.175344,-45.6322805
James Bartlett,69,230 Rose Flats Apt. 220,Port Ryan,Ohio,60011,179.207624,-4.7013725
Kelly Johnson,42,91099 Wang Locks Apt. 902,West Michelle,California,19056,-12.028322,78.306831
Kenneth Mann,46,43453 Alejandro Gateway,North Karitown,Oregon,17859,-30.475003,-70.3946685
Karen Hubbard,26,23376 Kenneth Common,West Gregoryside,Massachusetts,39288,-93.614970,-21.258317
Roy Garcia,58,9479 Guerrero Inlet,Michellehaven,Colorado,90269,50.257096,61.3665995
Andrew Jackson,28,5451 Timothy Mountains,Maryton,California,20844,59.799526,-27.7966915
Anna Mahoney,70,55205 Smith Ridge,South Kathy,South Dakota,91656,-21.735051,-76.1306875
Dr. Kim Brady,68,565 Amber Forks Suite 885,East Kristen,Missouri,34009,-154.883152,60.214132
Fred Li,43,6854 Rubio Port Apt. 147,New Denisebury,Maine,70440,166.438569,62.150281
Tracy Rios,63,1466 Donna Ridge,Camachomouth,Kansas,86587,-154.676493,55.271725
Samuel Gonzalez,33,61195 Joshua Radial Apt. 723,Danahaven,Utah,94924,-112.327601,-47.420505
Tonya Watts,56,538 Jacobson Well,Petersonburgh,New Jersey,18774,-65.188455,-40.050775
Robert Steele,74,7696 Karina Wells Apt. 968,Hullchester,New York,40241,74.838337,-6.8571345
Melanie Taylor,30,11083 Julia Turnpike,Ethanstad,Hawaii,29291,46.614304,-14.426410
Gregory Lopez,54,050 Villarreal Forges,New Donald,Nevada,01027,-2.585573,85.1816405
Elizabeth Carroll,79,218 Lane Haven,South Stephen,California,33916,153.413762,-85.999788
Jordan Dunn,38,788 Wood Green Apt. 259,Morrisonton,Vermont,66676,-72.851071,-61.549449
Virginia Martin,38,51796 Smith Mills Suite 728,South Matthew,Washington,98664,-135.815766,-20.7557415
Mr. Henry Cole MD,39,050 Jackson Motorway,North Christina,Maryland,28334,-158.537916,-75.4926705
Jeffrey Hunt,38,023 Huang Divide,North Pamela,Illinois,22048,75.689703,74.6329915
Jennifer White,69,611 Peter Fields,East Dawn,New Mexico,11952,-12.816050,10.480943
Lisa Padilla,65,95256 Jensen Curve Apt. 302,Amyborough,Ohio,57202,-101.062386,-89.830642
Jesse Hernandez,51,00760 Jeffrey Manors,Rasmussenborough,Rhode Island,41004,-17.364764,-26.210706
Joel Stephens,72,4733 Charles Mews Apt. 083,North Scott,South Dakota,85113,79.847239,-69.8518935
Raymond Burch Jr.,63,368 Elizabeth Mount Suite 479,South Patricktown,Utah,02409,45.717929,-18.7600045
William Montes,36,29814 April Canyon Apt. 228,Gardnerhaven,Ohio,10653,119.010987,-47.129061
Michael Leach,69,512 Michelle Road,East Deborahburgh,Arizona,42993,-48.983090,32.571389
Lori Trevino,50,5244 Bautista Station Suite 751,East Lisa,Idaho,18168,148.743960,43.5617705
Mary Nelson,24,63266 Clark Freeway,Fitzgeraldfort,Maine,95782,-37.071703,-79.0976235
Vincent Bates,74,607 Hodge Squares,Griffinhaven,South Dakota,72935,9.049009,-27.9778395
Kimberly Rios,76,44757 Robert Divide Apt. 958,Jordanburgh,Delaware,73712,-42.609658,-67.1299925
Brandon Duncan,55,39045 Bartlett Dale,Gabrielbury,Indiana,30497,-55.659664,-21.9347085
Roberta Hopkins,61,7669 George Common Apt. 686,Ariasville,Colorado,13565,-120.449911,-35.2961865
Brenda Osborne,19,6477 Buchanan Court,Raymondfurt,New Jersey,09546,58.706538,33.6283765
Angela Owens,61,71510 Carpenter Keys,Miguelhaven,Maryland,23984,-61.528730,3.4120665
Rachael Ortiz,24,8843 Henson Points Apt. 258,East James,Alabama,50383,-142.862613,35.318304
Michelle Reed,44,323 Eduardo Mills,South Melissa,Utah,56370,-106.741220,15.6876375
Sarah Williams,20,47579 Pollard Stravenue,Matthewsmouth,Iowa,63727,63.422428,-55.8458835
Lisa Reyes,42,119 Marquez Parks,Leonardton,Kentucky,34196,150.468605,-49.2180075
Kelly Craig,60,946 Heather Pines,Erinmouth,New Jersey,12602,46.019416,-68.9920895
Jason Young,34,60334 Ann Pike Suite 492,East Kathrynfort,South Carolina,34460,-62.996365,-28.6584695
Emily Pacheco,21,6543 Howard Wells,Port Josephberg,Idaho,93281,14.418789,-33.0150285
Evan Hammond,22,80934 Angela Squares,Mitchellville,Arizona,25604,-88.393932,-15.731726
Amy Allen,57,288 Adam Square,East Samantha,Illinois,57891,164.984618,-46.9547845
Jessica Howard,65,3269 Stephanie Curve,North Kennethmouth,Idaho,01962,122.666989,88.1688275
Mr. Edwin Blankenship,30,3754 Emily View Apt. 145,Ruthmouth,New York,98546,157.077136,61.3816965
Robert Collins,36,9398 Mckenzie Forks,Lake Savannahtown,Alabama,85865,88.499297,87.017464
Robert Boyd,63,4331 Nicholas Gardens,New Ambermouth,Iowa,39571,-161.392211,-28.0824855
Donna Matthews,78,796 Christian Fort Suite 369,East Mary,North Dakota,35355,-126.100634,-87.5786375
Jennifer Carter,26,238 Todd Inlet Apt. 996,West Lawrencechester,Kansas,70577,49.145599,67.5698615
Samantha Powell,32,7432 Reynolds Springs Apt. 156,New Anthony,South Dakota,94421,90.642111,-28.467720
Travis Rodgers,41,80533 Amber Light Apt. 052,New Diana,West Virginia,37605,-79.818244,-70.0367265
Erica Burton,54,0298 Curtis Rapids,Codymouth,Montana,51729,149.552491,-41.907016
Norma Gilbert,55,7404 Rose Harbor,Gallagherborough,New Mexico,37032,7.387648,42.6599235
